experiment,policy,scenario,arrival_rate,iot_devices,replications,average_queue_mean,average_queue_sd,average_queue_ci95,queue_variance_mean,queue_variance_sd,queue_variance_ci95,max_queue_mean,max_queue_sd,max_queue_ci95,estimated_latency_ms_mean,estimated_latency_ms_sd,estimated_latency_ms_ci95,energy_j_per_slot_mean,energy_j_per_slot_sd,energy_j_per_slot_ci95,cloud_ratio_mean,cloud_ratio_sd,cloud_ratio_ci95,throughput_per_slot_mean,throughput_per_slot_sd,throughput_per_slot_ci95,deadline_violation_ratio_mean,deadline_violation_ratio_sd,deadline_violation_ratio_ci95,drop_ratio_mean,drop_ratio_sd,drop_ratio_ci95
ablation,QSALB-Full,bursty,0.8,12,2,0.0,0.0,0.0,0.0,0.0,0.0,0.0,0.0,0.0,124.62567135835911,1.2167334064212256,1.6863064674502461,1.446298392366157,0.020785570157168372,0.028807330513566473,0.4994521734699078,0.015981341153556226,0.022149008816185086,7.089285714285714,0.6313453403451313,0.8749999999999994,0.11222799775773326,0.03136811155393617,0.043473984609896536,0.0,0.0,0.0
ablation,QSALB-Full,bursty,1.6,12,2,0.0,0.0,0.0,0.0,0.0,0.0,0.0,0.0,0.0,272.07857555218015,3.85790021697669,5.34677691294793,4.54436553421575,0.8163324636559728,1.1313790726775639,0.4809267490383178,0.05071592167365246,0.07028868137394828,21.82142857142857,3.7375644148431815,5.1800000000000015,0.3090771928393753,0.04483754209293647,0.062141662928679176,0.0,0.0,0.0
ablation,QSALB-NoEnergy,bursty,0.8,12,2,0.0,0.0,0.0,0.0,0.0,0.0,0.0,0.0,0.0,124.01410642973022,0.602149362975586,0.8345364397805054,1.4500135628340398,0.020391547249210114,0.028261242624052624,0.504510013759364,0.016431773542326132,0.022773276257452988,7.089285714285714,0.6313453403451313,0.8749999999999994,0.11222799775773326,0.03136811155393617,0.043473984609896536,0.0,0.0,0.0
ablation,QSALB-NoEnergy,bursty,1.6,12,2,0.0,0.0,0.0,0.0,0.0,0.0,0.0,0.0,0.0,271.9935843992638,3.9780958581127708,5.513359572664049,4.545438308722187,0.8148153313996016,1.1292764346449475,0.4809267490383178,0.05071592167365246,0.07028868137394828,21.82142857142857,3.7375644148431815,5.1800000000000015,0.3090771928393753,0.04483754209293647,0.062141662928679176,0.0,0.0,0.0
ablation,QSALB-NoPred,bursty,0.8,12,2,0.0,0.0,0.0,0.0,0.0,0.0,0.0,0.0,0.0,124.62567135835911,1.2167334064212256,1.6863064674502461,1.446298392366157,0.020785570157168372,0.028807330513566473,0.4994521734699078,0.015981341153556226,0.022149008816185086,7.089285714285714,0.6313453403451313,0.8749999999999994,0.11222799775773326,0.03136811155393617,0.043473984609896536,0.0,0.0,0.0
ablation,QSALB-NoPred,bursty,1.6,12,2,0.0,0.0,0.0,0.0,0.0,0.0,0.0,0.0,0.0,272.07857555218015,3.85790021697669,5.34677691294793,4.54436553421575,0.8163324636559728,1.1313790726775639,0.4809267490383178,0.05071592167365246,0.07028868137394828,21.82142857142857,3.7375644148431815,5.1800000000000015,0.3090771928393753,0.04483754209293647,0.062141662928679176,0.0,0.0,0.0
ablation,QSALB-NoQueue,bursty,0.8,12,2,0.0,0.0,0.0,0.0,0.0,0.0,0.0,0.0,0.0,108.56241758734011,1.0818704681415106,1.4993959710011204,1.5135165713018823,0.021761045541704098,0.03015927042176658,0.6070809764052387,0.0006306053442778451,0.0008739744177750296,7.089285714285714,0.6313453403451313,0.8749999999999994,0.11696733425062426,0.024665677609039986,0.034184885083830184,0.0,0.0,0.0
ablation,QSALB-NoQueue,bursty,1.6,12,2,0.0,0.0,0.0,0.0,0.0,0.0,0.0,0.0,0.0,223.69707038869768,16.20532247040674,22.459431083873103,4.861842015324574,0.9375906069271408,1.2994342852245844,0.6696856012722749,0.10171057619204127,0.14096366676181543,21.82142857142857,3.7375644148431815,5.1800000000000015,0.37483994617298044,0.038741943122874274,0.053693593769114735,0.0,0.0,0.0
baseline,CFOP,normal,0.8,12,2,0.0,0.0,0.0,0.0,0.0,0.0,0.0,0.0,0.0,419.81108905987014,58.704654075919606,81.36049960921477,2.227032008464824,0.43995863741196506,0.6097515624729641,0.28444039315155356,0.146678697397368,0.20328630310716547,9.875,1.3889597487592904,1.9250000000000007,0.10667670682730923,0.025913049712157615,0.03591365461847389,0.0,0.0,0.0
baseline,CFOP,normal,1.6,12,2,0.002976190476190476,0.0014029896452114037,0.0019444444444444442,0.0028108465608465607,0.0013250457760329924,0.0018364197530864196,1.0,0.0,0.0,493.87306477285574,5.273021526284202,7.308034986013268,4.384952008327352,0.0750561861963907,0.1040225669297573,0.4137357414448669,0.05478061089990838,0.07592205323193914,18.392857142857142,0.5555838995037152,0.769999999999999,0.14466398092823948,0.00025072438526593506,0.0003474862695395275,0.0,0.0,0.0
baseline,EAO,normal,0.8,12,2,0.001984126984126984,0.0028059792904228074,0.0038888888888888883,0.0018738977072310405,0.0026500915520659848,0.003672839506172839,0.5,0.7071067811865476,0.9799999999999999,218.7703875899334,33.95946240318662,47.06541365545601,1.8697779574876643,0.33124335476546285,0.4590798678601745,0.3021692031283027,0.177430593450873,0.2459062566053688,9.875,1.3889597487592904,1.9250000000000007,0.10667670682730923,0.025913049712157615,0.03591365461847389,0.0,0.0,0.0
baseline,EAO,normal,1.6,12,2,0.000992063492063492,0.0014029896452114037,0.0019444444444444442,0.0009369488536155202,0.0013250457760329924,0.0018364197530864196,0.5,0.7071067811865476,0.9799999999999999,242.41666690175185,2.729046773265462,3.782265859920498,3.626787052801345,0.06982159752658507,0.09676779716527929,0.4525884181302432,0.05360700739440832,0.07429552175749889,18.392857142857142,0.5555838995037152,0.769999999999999,0.14751569195485548,0.003782204024543286,0.005241867342627793,0.0,0.0,0.0
baseline,GMQ,normal,0.8,12,2,0.0,0.0,0.0,0.0,0.0,0.0,0.0,0.0,0.0,253.10632082427594,41.139856897234395,57.01693270659405,2.302045779223617,0.3183937865927603,0.44127127495131035,0.6012735151130839,0.012965866258282242,0.017969773832170872,9.875,1.3889597487592904,1.9250000000000007,0.12494055168040583,0.023344164106229946,0.03235336081166772,0.0,0.0,0.0
baseline,GMQ,normal,1.6,12,2,0.0,0.0,0.0,0.0,0.0,0.0,0.0,0.0,0.0,336.926420902406,1.186337616882822,1.644180052402082,4.33692571071937,0.022403225684232916,0.0310492866914765,0.5990743255477096,0.00299268893902507,0.004147655259822538,18.392857142857142,0.5555838995037152,0.769999999999999,0.16594996680548013,0.004598391917004676,0.0063730460498521305,0.0,0.0,0.0
baseline,LEO,normal,0.8,12,2,1.2053571428571428,0.009820927516479791,0.01361111111111106,4.508652998236332,0.9198156001744333,1.274799382716051,10.0,0.0,0.0,4479.508063860892,490.98328593018044,680.4681174237489,2.6788356592738563,0.15666983200769097,0.21713330921519114,0.0,0.0,0.0,9.375,0.2777919497518576,0.3849999999999995,0.998062015503876,0.0027407239580873985,0.0037984496124031076,0.0,0.0,0.0
baseline,LEO,normal,1.6,12,2,9.464285714285715,0.2834039083327057,0.39277777777778067,76.9704585537919,13.149598393613077,18.224413580246935,39.0,4.242640687119285,5.879999999999998,17029.433644057095,119.83223994416778,166.07901135981723,5.328105586630956,0.11817335995495244,0.16377992099230151,0.0,0.0,0.0,11.928571428571429,0.10101525445522072,0.13999999999999949,1.0,0.0,0.0,0.0,0.0,0.0
baseline,LFO,normal,0.8,12,2,0.0,0.0,0.0,0.0,0.0,0.0,0.0,0.0,0.0,118.62122991213661,21.723749537276216,30.107580796788024,2.270062368374985,0.2922488964819464,0.40503630593347245,0.7371921898118791,0.059981143547860126,0.08312962375819062,9.875,1.3889597487592904,1.9250000000000007,0.12421396110758824,0.03367575494316084,0.04667221517649544,0.0,0.0,0.0
baseline,LFO,normal,1.6,12,2,0.0,0.0,0.0,0.0,0.0,0.0,0.0,0.0,0.0,136.37040495877795,14.233650705658748,19.726833432623497,4.258633808335906,0.0004326245454270728,0.0005995870295672922,0.8231373347818215,0.010834494180320809,0.015015842839036815,18.392857142857142,0.5555838995037152,0.769999999999999,0.19012915685919488,0.010733137513936676,0.014875369666244196,0.0,0.0,0.0
baseline,QSALB-Full,normal,0.8,12,2,0.0,0.0,0.0,0.0,0.0,0.0,0.0,0.0,0.0,145.11536837834655,27.339341613786875,37.890394342637165,2.0571832300327886,0.2897436044928011,0.40156414838289367,0.48021692031283025,0.08845373746374206,0.12259062566053688,9.875,1.3889597487592904,1.9250000000000007,0.1176350137391672,0.024371718348601017,0.03377747833439019,0.0,0.0,0.0
baseline,QSALB-Full,normal,1.6,12,2,0.0,0.0,0.0,0.0,0.0,0.0,0.0,0.0,0.0,189.57922297787715,14.287219337014578,19.80107576790505,3.8291344308641126,0.048869485188980856,0.06772965096563886,0.526864928480898,0.021156870467332473,0.02932192648922693,18.392857142857142,0.5555838995037152,0.769999999999999,0.16111412879473716,0.003371442797618292,0.004672581326573741,0.0,0.0,0.0
scenario,GMQ,bursty,1.6,12,2,0.0,0.0,0.0,0.0,0.0,0.0,0.0,0.0,0.0,361.138429133057,101.5202326750539,140.6998641062468,4.184294029915343,0.4594195065709776,0.6367229510712031,0.5850636982451758,0.030590659006243696,0.04239649035158929,18.107142857142858,1.4647211896007042,2.029999999999998,0.1925115531130956,0.06810865057344666,0.09439377380878038,0.0,0.0,0.0
scenario,GMQ,normal,1.6,12,2,0.0,0.0,0.0,0.0,0.0,0.0,0.0,0.0,0.0,491.2681522445672,99.99277315889108,138.58291322178815,4.752499608745717,0.4185101082059569,0.5800254175947939,0.5586452448210923,0.04964562087779843,0.06880532015065911,19.767857142857146,1.1364216126212374,1.5750000000000002,0.2521480696798494,0.06687385813128426,0.09268243879472694,0.0,0.0,0.0
scenario,QSALB-Full,bursty,1.6,12,2,0.0,0.0,0.0,0.0,0.0,0.0,0.0,0.0,0.0,196.79964699443826,32.127652779385514,44.526655042064235,3.719899991905802,0.2936521989671802,0.4069811839520674,0.5047773683881847,0.003797613387999974,0.005263223630800017,18.107142857142858,1.4647211896007042,2.029999999999998,0.1845961094111035,0.06874894585398153,0.09528117779304315,0.0,0.0,0.0
scenario,QSALB-Full,normal,1.6,12,2,0.0,0.0,0.0,0.0,0.0,0.0,0.0,0.0,0.0,225.50512658052799,40.92881299375326,56.724440779046056,4.184369606301433,0.40506987542032796,0.5613982052976436,0.5212305790960452,0.03135622408333709,0.043457509416195875,19.767857142857146,1.1364216126212374,1.5750000000000002,0.23427201035781542,0.07351130702483735,0.10188147363465161,0.0,0.0,0.0
stress,GMQ,normal,1.6,12,2,0.0,0.0,0.0,0.0,0.0,0.0,0.0,0.0,0.0,400.1141285977387,48.9791112367884,67.88158491636567,4.719910137028284,0.10147600083187183,0.14063856189918028,0.57185260831715,0.01645243762963009,0.022801915221321925,19.517857142857146,0.07576144084141616,0.10500000000000048,0.19757751289091274,0.022522958579748283,0.03121522801848253,0.0,0.0,0.0
stress,GMQ,normal,1.6,24,2,0.0,0.0,0.0,0.0,0.0,0.0,0.0,0.0,0.0,538.6808905666137,29.858275190441947,41.38145816892329,9.377807785905507,0.07966586297090822,0.11041125299418264,0.5580816879265128,0.00958231197541223,0.013280406843427735,38.55357142857143,0.3788072042070783,0.5249999999999989,0.2301684425160307,0.006253898247014018,0.008667460764255976,0.0,0.0,0.0
stress,QSALB-Full,normal,1.6,12,2,0.0,0.0,0.0,0.0,0.0,0.0,0.0,0.0,0.0,187.75875058528683,11.42378086993233,15.83255252303988,4.21663194786071,0.04339807721875152,0.060146666395999776,0.5032059867407754,0.0019532682464303967,0.002707091676153488,19.517857142857146,0.07576144084141616,0.10500000000000048,0.18569610928815378,0.016099665546335375,0.022312998057992365,0.0,0.0,0.0
stress,QSALB-Full,normal,1.6,24,2,0.0,0.0,0.0,0.0,0.0,0.0,0.0,0.0,0.0,247.35985330904194,12.55866516778058,17.405421913466316,8.288786586406683,0.16638355777209277,0.23059584627803734,0.556910708646281,0.05937623090178819,0.08229125760342722,38.55357142857143,0.3788072042070783,0.5249999999999989,0.21946013950486756,0.01749465228618423,0.024246351041480742,0.0,0.0,0.0
timeseries,CFOP,bursty,1.6,12,2,0.02380952380952381,0.03086577219465089,0.042777777777777776,0.04497354497354497,0.060952105697517654,0.0844753086419753,2.0,1.4142135623730951,1.9599999999999997,582.7592078299949,192.92365628031422,267.3785461899412,4.207278613892339,0.6825190139026569,0.9459230931178755,0.34670945603570125,0.015212139946763195,0.02108295033292144,17.017857142857142,1.742513139352563,2.414999999999999,0.1725346478322325,0.06162488180499709,0.08540772875570053,0.0,0.0,0.0
timeseries,EAO,bursty,1.6,12,2,0.015873015873015872,0.02244783432338246,0.031111111111111107,0.02744708994708995,0.03881604685084884,0.0537962962962963,1.5,2.1213203435596424,2.939999999999999,274.3456205002066,56.430956950237224,78.20931616358338,3.2773092744842067,0.27973735324781895,0.38769619168811054,0.37615011245544006,0.015171280893187204,0.0210263225737628,17.0,1.6667516985111468,2.3099999999999983,0.18265563744010527,0.06953896618225944,0.0963760901065882,0.0,0.0,0.0
timeseries,GMQ,bursty,1.6,12,2,0.0,0.0,0.0,0.0,0.0,0.0,0.0,0.0,0.0,428.47705323366245,130.6725470179473,181.10291045816464,4.172153292582443,0.5460224839793176,0.756748554160113,0.5488358861755371,0.0621183334520305,0.08609161784707833,16.982142857142858,1.6920055121249513,2.3449999999999975,0.21414982798318055,0.09168143021633933,0.12706397958911536,0.0,0.0,0.0
timeseries,LEO,bursty,1.6,12,2,11.279761904761905,2.2952910595658547,3.1811111111111083,328.4246031746032,169.34630624785893,234.7020061728395,77.0,2.8284271247461903,3.9199999999999995,26286.54949692305,3679.513458698867,5099.545479501747,5.345152756073697,0.6266875293049331,0.8685446032468603,0.0,0.0,0.0,10.375,0.025253813613804552,0.034999999999999004,1.0,0.0,0.0,0.03125,0.04419417382415922,0.06124999999999999
timeseries,LFO,bursty,1.6,12,2,0.0,0.0,0.0,0.0,0.0,0.0,0.0,0.0,0.0,163.7624866530047,57.46998117334766,79.6493302685812,3.852406387892293,0.23408923660288217,0.3244311297451731,0.7212838588662003,0.1253995784289169,0.17379494883944205,16.982142857142858,1.6920055121249513,2.3449999999999975,0.25010889953684357,0.12973692411621718,0.17980620327320893,0.0,0.0,0.0
timeseries,QSALB-Full,bursty,1.6,12,2,0.0,0.0,0.0,0.0,0.0,0.0,0.0,0.0,0.0,196.9940435064819,45.80128412647055,63.47734124204304,3.547497353157847,0.30694056533321984,0.42539792012997046,0.47721332752535806,0.038624377645820836,0.05353065633084122,16.982142857142858,1.6920055121249513,2.3449999999999975,0.21370311763816907,0.10064842097421443,0.1394915947337073,0.0,0.0,0.0
timeseries,QSALB-NoEnergy,bursty,1.6,12,2,0.0,0.0,0.0,0.0,0.0,0.0,0.0,0.0,0.0,197.09770452931224,45.94788295084668,63.6805168467905,3.546422305314339,0.30542021809273123,0.42329082635669524,0.47721332752535806,0.038624377645820836,0.05353065633084122,16.982142857142858,1.6920055121249513,2.3449999999999975,0.2146854359092889,0.10203762879579899,0.14141693854510215,0.0,0.0,0.0
timeseries,QSALB-NoPred,bursty,1.6,12,2,0.0,0.0,0.0,0.0,0.0,0.0,0.0,0.0,0.0,196.9940435064819,45.80128412647055,63.47734124204304,3.547497353157847,0.30694056533321984,0.42539792012997046,0.47721332752535806,0.038624377645820836,0.05353065633084122,16.982142857142858,1.6920055121249513,2.3449999999999975,0.21370311763816907,0.10064842097421443,0.1394915947337073,0.0,0.0,0.0
timeseries,QSALB-NoQueue,bursty,1.6,12,2,0.0,0.0,0.0,0.0,0.0,0.0,0.0,0.0,0.0,164.593959001704,56.01219168454791,77.62893711575856,3.7705152387249985,0.23526351511106391,0.32605859672560145,0.6696654784023327,0.10241164628622561,0.14193530034047774,16.982142857142858,1.6920055121249513,2.3449999999999975,0.24421498991012455,0.12140167718670976,0.1682541404048396,0.0,0.0,0.0
