experiment,replication,policy,scenario,arrival_rate,iot_devices,seed,measured_slots,average_queue,queue_variance,max_queue,estimated_latency_ms,energy_j_per_slot,cloud_ratio,throughput_per_slot,deadline_violation_ratio,drop_ratio,arrivals,admitted,completed
baseline,0,QSALB-Full,normal,0.8,12,7001,28,0.0,0.0,0.0,125.78353453006228,1.8523035624904958,0.41767068273092367,8.892857142857142,0.10040160642570281,0.0,249.0,249.0,249.0
baseline,1,QSALB-Full,normal,0.8,12,107004,28,0.0,0.0,0.0,164.44720222663082,2.262062897575081,0.5427631578947368,10.857142857142858,0.13486842105263158,0.0,304.0,304.0,304.0
baseline,0,LEO,normal,0.8,12,7001,28,1.2123015873015872,5.159060846560848,10,4132.330452930408,2.5680533586538608,0.0,9.178571428571429,0.9961240310077519,0.0,258.0,258.0,257.0
baseline,1,LEO,normal,0.8,12,107004,28,1.1984126984126984,3.8582451499118164,10,4826.685674791376,2.7896179598938518,0.0,9.571428571428571,1.0,0.0,284.0,284.0,268.0
baseline,0,GMQ,normal,0.8,12,7001,28,0.0,0.0,0.0,224.01604903519734,2.0769073736362134,0.6104417670682731,8.892857142857142,0.10843373493975904,0.0,249.0,249.0,249.0
baseline,1,GMQ,normal,0.8,12,107004,28,0.0,0.0,0.0,282.19659261335454,2.52718418481102,0.5921052631578947,10.857142857142858,0.14144736842105263,0.0,304.0,304.0,304.0
baseline,0,LFO,normal,0.8,12,7001,28,0.0,0.0,0.0,103.26021930153048,2.0634111918783153,0.6947791164658634,8.892857142857142,0.10040160642570281,0.0,249.0,249.0,249.0
baseline,1,LFO,normal,0.8,12,107004,28,0.0,0.0,0.0,133.98224052274276,2.4767135448716546,0.7796052631578947,10.857142857142858,0.14802631578947367,0.0,304.0,304.0,304.0
baseline,0,EAO,normal,0.8,12,7001,28,0.0,0.0,0.0,194.75742143919052,1.6355535351100243,0.17670682730923695,8.892857142857142,0.08835341365461848,0.0,249.0,249.0,249.0
baseline,1,EAO,normal,0.8,12,107004,28,0.003968253968253968,0.003747795414462081,1,242.78335374067626,2.1040023798653045,0.4276315789473684,10.857142857142858,0.125,0.0,304.0,304.0,304.0
baseline,0,CFOP,normal,0.8,12,7001,28,0.0,0.0,0.0,378.3006300755769,1.9159342725092299,0.18072289156626506,8.892857142857142,0.08835341365461848,0.0,249.0,249.0,249.0
baseline,1,CFOP,normal,0.8,12,107004,28,0.0,0.0,0.0,461.3215480441634,2.538129744420418,0.3881578947368421,10.857142857142858,0.125,0.0,304.0,304.0,304.0
baseline,0,QSALB-Full,normal,1.6,12,7038,28,0.0,0.0,0.0,199.68181265537973,3.8636903752343366,0.5418250950570342,18.785714285714285,0.1634980988593156,0.0,526.0,526.0,526.0
baseline,1,QSALB-Full,normal,1.6,12,107041,28,0.0,0.0,0.0,179.47663330037457,3.7945784864938887,0.5119047619047619,18.0,0.15873015873015872,0.0,504.0,504.0,504.0
baseline,0,LEO,normal,1.6,12,7038,28,9.263888888888888,86.26862874779543,42,17114.16783352639,5.411666770810702,0.0,11.857142857142858,1.0,0.0,556.0,556.0,332.0
baseline,1,LEO,normal,1.6,12,107041,28,9.664682539682541,67.67228835978835,36,16944.6994545878,5.2445444024512105,0.0,12.0,1.0,0.0,530.0,530.0,336.0
baseline,0,GMQ,normal,1.6,12,7038,28,0.0,0.0,0.0,337.7652882760805,4.321084237917597,0.596958174904943,18.785714285714285,0.16920152091254753,0.0,526.0,526.0,526.0
baseline,1,GMQ,normal,1.6,12,107041,28,0.0,0.0,0.0,336.08755352873146,4.352767183521144,0.6011904761904762,18.0,0.1626984126984127,0.0,504.0,504.0,504.0
baseline,0,LFO,normal,1.6,12,7038,28,0.0,0.0,0.0,146.43511589378994,4.2583278965861275,0.8307984790874525,18.785714285714285,0.19771863117870722,0.0,526.0,526.0,526.0
baseline,1,LFO,normal,1.6,12,107041,28,0.0,0.0,0.0,126.30569402376597,4.258939720085686,0.8154761904761905,18.0,0.18253968253968253,0.0,504.0,504.0,504.0
baseline,0,EAO,normal,1.6,12,7038,28,0.001984126984126984,0.0018738977072310405,1,240.48693942220058,3.676158377885671,0.49049429657794674,18.785714285714285,0.15019011406844107,0.0,526.0,526.0,526.0
baseline,1,EAO,normal,1.6,12,107041,28,0.0,0.0,0.0,244.34639438130313,3.5774157277170184,0.4146825396825397,18.0,0.14484126984126985,0.0,504.0,504.0,504.0
baseline,0,CFOP,normal,1.6,12,7038,28,0.003968253968253968,0.003747795414462081,1,497.60165405143397,4.43802474655682,0.4524714828897338,18.785714285714285,0.1444866920152091,0.0,526.0,526.0,526.0
baseline,1,CFOP,normal,1.6,12,107041,28,0.001984126984126984,0.0018738977072310405,1,490.1444754942776,4.331879270097884,0.375,18.0,0.14484126984126985,0.0,504.0,504.0,504.0
ablation,0,QSALB-Full,bursty,0.8,12,7075,28,0.0,0.0,0.0,125.48603180093576,1.4316007747571944,0.510752688172043,6.642857142857143,0.13440860215053763,0.0,186.0,186.0,186.0
ablation,1,QSALB-Full,bursty,0.8,12,107078,28,0.0,0.0,0.0,123.76531091578245,1.4609960099751194,0.4881516587677725,7.535714285714286,0.09004739336492891,0.0,211.0,211.0,211.0
ablation,0,QSALB-NoPred,bursty,0.8,12,7075,28,0.0,0.0,0.0,125.48603180093576,1.4316007747571944,0.510752688172043,6.642857142857143,0.13440860215053763,0.0,186.0,186.0,186.0
ablation,1,QSALB-NoPred,bursty,0.8,12,107078,28,0.0,0.0,0.0,123.76531091578245,1.4609960099751194,0.4881516587677725,7.535714285714286,0.09004739336492891,0.0,211.0,211.0,211.0
ablation,0,QSALB-NoEnergy,bursty,0.8,12,7075,28,0.0,0.0,0.0,124.43989032757742,1.4355945614952375,0.5161290322580645,6.642857142857143,0.13440860215053763,0.0,186.0,186.0,186.0
ablation,1,QSALB-NoEnergy,bursty,0.8,12,107078,28,0.0,0.0,0.0,123.58832253188302,1.4644325641728422,0.4928909952606635,7.535714285714286,0.09004739336492891,0.0,211.0,211.0,211.0
ablation,0,QSALB-NoQueue,bursty,0.8,12,7075,28,0.0,0.0,0.0,109.32741553172843,1.498129188433634,0.6075268817204301,6.642857142857143,0.13440860215053763,0.0,186.0,186.0,186.0
ablation,1,QSALB-NoQueue,bursty,0.8,12,107078,28,0.0,0.0,0.0,107.79741964295178,1.5289039541701306,0.6066350710900474,7.535714285714286,0.0995260663507109,0.0,211.0,211.0,211.0
ablation,0,QSALB-Full,bursty,1.6,12,7112,28,0.0,0.0,0.0,274.8065229567454,5.121599754969609,0.5167883211678832,24.464285714285715,0.2773722627737226,0.0,685.0,685.0,685.0
ablation,1,QSALB-Full,bursty,1.6,12,107115,28,0.0,0.0,0.0,269.3506281476149,3.967131313461891,0.4450651769087523,19.178571428571427,0.3407821229050279,0.0,537.0,537.0,537.0
ablation,0,QSALB-NoPred,bursty,1.6,12,7112,28,0.0,0.0,0.0,274.8065229567454,5.121599754969609,0.5167883211678832,24.464285714285715,0.2773722627737226,0.0,685.0,685.0,685.0
ablation,1,QSALB-NoPred,bursty,1.6,12,107115,28,0.0,0.0,0.0,269.3506281476149,3.967131313461891,0.4450651769087523,19.178571428571427,0.3407821229050279,0.0,537.0,537.0,537.0
ablation,0,QSALB-NoEnergy,bursty,1.6,12,7112,28,0.0,0.0,0.0,274.8065229567454,5.121599754969609,0.5167883211678832,24.464285714285715,0.2773722627737226,0.0,685.0,685.0,685.0
ablation,1,QSALB-NoEnergy,bursty,1.6,12,107115,28,0.0,0.0,0.0,269.1806458417821,3.9692768624747647,0.4450651769087523,19.178571428571427,0.3407821229050279,0.0,537.0,537.0,537.0
ablation,0,QSALB-NoQueue,bursty,1.6,12,7112,28,0.0,0.0,0.0,212.23817697855833,5.524818691459566,0.7416058394160584,24.464285714285715,0.34744525547445254,0.0,685.0,685.0,685.0
ablation,1,QSALB-NoQueue,bursty,1.6,12,107115,28,0.0,0.0,0.0,235.155963798837,4.198865339189582,0.5977653631284916,19.178571428571427,0.4022346368715084,0.0,537.0,537.0,537.0
scenario,0,QSALB-Full,normal,1.6,12,7149,28,0.0,0.0,0.0,196.56408536672896,4.470797262065537,0.5434027777777778,20.571428571428573,0.18229166666666666,0.0,576.0,576.0,576.0
scenario,1,QSALB-Full,normal,1.6,12,107152,28,0.0,0.0,0.0,254.44616779432698,3.8979419505373296,0.4990583804143126,18.964285714285715,0.2862523540489642,0.0,531.0,531.0,531.0
scenario,0,GMQ,normal,1.6,12,7149,28,0.0,0.0,0.0,420.5625842742671,5.048430944253265,0.59375,20.571428571428573,0.2048611111111111,0.0,576.0,576.0,576.0
scenario,1,GMQ,normal,1.6,12,107152,28,0.0,0.0,0.0,561.9737202148673,4.456568273238169,0.5235404896421846,18.964285714285715,0.2994350282485876,0.0,531.0,531.0,531.0
scenario,0,QSALB-Full,bursty,1.6,12,7186,28,0.0,0.0,0.0,219.51732813834857,3.927543453105836,0.5074626865671642,19.142857142857142,0.2332089552238806,0.0,536.0,536.0,536.0
scenario,1,QSALB-Full,bursty,1.6,12,107189,28,0.0,0.0,0.0,174.08196585052792,3.512256530705767,0.502092050209205,17.071428571428573,0.13598326359832635,0.0,478.0,478.0,478.0
scenario,0,GMQ,bursty,1.6,12,7186,28,0.0,0.0,0.0,432.92407408522376,4.509152678421058,0.5634328358208955,19.142857142857142,0.24067164179104478,0.0,536.0,536.0,536.0
scenario,1,GMQ,bursty,1.6,12,107189,28,0.0,0.0,0.0,289.3527841808903,3.8594353814096265,0.606694560669456,17.071428571428573,0.14435146443514643,0.0,478.0,478.0,478.0
stress,0,QSALB-Full,normal,1.6,12,7223,28,0.0,0.0,0.0,195.83658350520514,4.247319022552547,0.5018248175182481,19.571428571428573,0.19708029197080293,0.0,548.0,548.0,548.0
stress,1,QSALB-Full,normal,1.6,12,107226,28,0.0,0.0,0.0,179.68091766536853,4.185944873168873,0.5045871559633027,19.464285714285715,0.1743119266055046,0.0,545.0,545.0,545.0
stress,0,GMQ,normal,1.6,12,7223,28,0.0,0.0,0.0,434.747590289762,4.791664505344193,0.5602189781021898,19.571428571428573,0.21350364963503649,0.0,548.0,548.0,548.0
stress,1,GMQ,normal,1.6,12,107226,28,0.0,0.0,0.0,365.4806669057154,4.6481557687123765,0.5834862385321101,19.464285714285715,0.181651376146789,0.0,545.0,545.0,545.0
stress,0,QSALB-Full,normal,1.6,24,7260,28,0.0,0.0,0.0,256.2401706118309,8.406437528385274,0.5988960441582337,38.82142857142857,0.23183072677092917,0.0,1087.0,1087.0,1087.0
stress,1,QSALB-Full,normal,1.6,24,107263,28,0.0,0.0,0.0,238.479536006253,8.171135644428093,0.5149253731343284,38.285714285714285,0.20708955223880596,0.0,1072.0,1072.0,1072.0
stress,0,GMQ,normal,1.6,24,7260,28,0.0,0.0,0.0,559.7938794283093,9.434140057841315,0.5648574057037719,38.82142857142857,0.23459061637534498,0.0,1087.0,1087.0,1087.0
stress,1,GMQ,normal,1.6,24,107263,28,0.0,0.0,0.0,517.5679017049182,9.3214755139697,0.5513059701492538,38.285714285714285,0.22574626865671643,0.0,1072.0,1072.0,1072.0
timeseries,0,QSALB-Full,bursty,1.6,12,7297,28,0.0,0.0,0.0,229.380442099361,3.764537108326199,0.449901768172888,18.178571428571427,0.28487229862475444,0.0,509.0,509.0,509.0
timeseries,1,QSALB-Full,bursty,1.6,12,107300,28,0.0,0.0,0.0,164.6076449136028,3.3304575979894944,0.504524886877828,15.785714285714286,0.1425339366515837,0.0,442.0,442.0,442.0
timeseries,0,LEO,bursty,1.6,12,7297,28,9.656746031746033,208.67868165784833,75,23684.740578809913,5.7882877577302585,0.0,10.392857142857142,1.0,0.0,614.0,614.0,291.0
timeseries,1,LEO,bursty,1.6,12,107300,28,12.902777777777777,448.170524691358,79,28888.358415036186,4.902017754417136,0.0,10.357142857142858,1.0,0.0625,528.0,495.0,290.0
timeseries,0,GMQ,bursty,1.6,12,7297,28,0.0,0.0,0.0,520.876497344971,4.558249493684542,0.5049115913555993,18.178571428571427,0.27897838899803534,0.0,509.0,509.0,509.0
timeseries,1,GMQ,bursty,1.6,12,107300,28,0.0,0.0,0.0,336.077609122354,3.786057091480345,0.5927601809954751,15.785714285714286,0.1493212669683258,0.0,442.0,442.0,442.0
timeseries,0,LFO,bursty,1.6,12,7297,28,0.0,0.0,0.0,204.39990005534204,4.017932474496973,0.6326129666011788,18.178571428571427,0.3418467583497053,0.0,509.0,509.0,509.0
timeseries,1,LFO,bursty,1.6,12,107300,28,0.0,0.0,0.0,123.12507325066734,3.686880301287613,0.8099547511312217,15.785714285714286,0.1583710407239819,0.0,442.0,442.0,442.0
timeseries,0,EAO,bursty,1.6,12,7297,28,0.031746031746031744,0.0548941798941799,3,314.2483328285655,3.4751134539169164,0.3654223968565815,18.178571428571427,0.2318271119842829,0.0,509.0,509.0,509.0
timeseries,1,EAO,bursty,1.6,12,107300,28,0.0,0.0,0.0,234.44290817184773,3.0795050950514975,0.38687782805429866,15.821428571428571,0.1334841628959276,0.0,442.0,442.0,443.0
timeseries,0,CFOP,bursty,1.6,12,7297,28,0.04563492063492064,0.0880731922398589,3,719.1768334371078,4.689892436911664,0.33595284872298625,18.25,0.21611001964636542,0.0,509.0,509.0,511.0
timeseries,1,CFOP,bursty,1.6,12,107300,28,0.001984126984126984,0.0018738977072310405,1,446.3415822228821,3.7246647908730153,0.3574660633484163,15.785714285714286,0.12895927601809956,0.0,442.0,442.0,442.0
timeseries,0,QSALB-NoPred,bursty,1.6,12,7297,28,0.0,0.0,0.0,229.380442099361,3.764537108326199,0.449901768172888,18.178571428571427,0.28487229862475444,0.0,509.0,509.0,509.0
timeseries,1,QSALB-NoPred,bursty,1.6,12,107300,28,0.0,0.0,0.0,164.6076449136028,3.3304575979894944,0.504524886877828,15.785714285714286,0.1425339366515837,0.0,442.0,442.0,442.0
timeseries,0,QSALB-NoEnergy,bursty,1.6,12,7297,28,0.0,0.0,0.0,229.58776414502168,3.7623870126391834,0.449901768172888,18.178571428571427,0.2868369351669941,0.0,509.0,509.0,509.0
timeseries,1,QSALB-NoEnergy,bursty,1.6,12,107300,28,0.0,0.0,0.0,164.6076449136028,3.3304575979894944,0.504524886877828,15.785714285714286,0.1425339366515837,0.0,442.0,442.0,442.0
timeseries,0,QSALB-NoQueue,bursty,1.6,12,7297,28,0.0,0.0,0.0,204.20055957096858,3.9368716656258154,0.5972495088408645,18.178571428571427,0.3300589390962672,0.0,509.0,509.0,509.0
timeseries,1,QSALB-NoQueue,bursty,1.6,12,107300,28,0.0,0.0,0.0,124.98735843243944,3.604158811824181,0.7420814479638009,15.785714285714286,0.1583710407239819,0.0,442.0,442.0,442.0
