policy,slot,replications,average_queue_mean,average_queue_ci95,queue_variance_mean,queue_variance_ci95,max_queue_mean,max_queue_ci95,estimated_latency_ms_mean,estimated_latency_ms_ci95,energy_j_mean,energy_j_ci95,cloud_ratio_mean,cloud_ratio_ci95,throughput_mean,throughput_ci95,drop_ratio_mean,drop_ratio_ci95
CFOP,0,2,0.027777777777777776,0.054444444444444434,0.026234567901234566,0.05141975308641975,0.5,0.9799999999999999,703.5655805701128,150.39780115036237,6.429228293097742,2.3155646236099394,0.38928571428571423,0.07699999999999999,23.5,6.859999999999999,0.0,0.0
CFOP,1,2,0.027777777777777776,0.054444444444444434,0.026234567901234566,0.05141975308641975,0.5,0.9799999999999999,440.1703167405384,161.36715435225685,3.6441641249718684,4.2536087574496095,0.32539682539682535,0.20222222222222222,18.5,18.619999999999997,0.0,0.0
CFOP,2,2,0.027777777777777776,0.054444444444444434,0.026234567901234566,0.05141975308641975,0.5,0.9799999999999999,720.2949778903583,763.582231659727,5.2823625772872,0.9783299869850429,0.38405797101449274,0.09942028985507245,20.5,6.859999999999999,0.0,0.0
CFOP,3,2,0.0,0.0,0.0,0.0,0.0,0.0,429.43623180362425,415.4274076612412,2.7105994213618736,1.4852249952742538,0.33333333333333337,0.16333333333333333,14.5,4.9,0.0,0.0
CFOP,4,2,0.0,0.0,0.0,0.0,0.0,0.0,887.9259196791261,317.5058264677715,6.414974565932749,2.385175287376453,0.37895927601809953,0.06429864253393663,21.5,8.819999999999999,0.0,0.0
CFOP,5,2,0.1111111111111111,0.21777777777777774,0.41975308641975306,0.822716049382716,2.0,3.9199999999999995,892.8966285894741,374.9183946471237,6.161370538416515,3.904300254106821,0.33854166666666663,0.01020833333333335,21.5,12.739999999999998,0.0,0.0
CFOP,6,2,0.08333333333333333,0.054444444444444434,0.13117283950617284,0.15425925925925923,1.5,0.9799999999999999,510.53364481077085,579.7412651819751,4.600556248088366,4.245784066147942,0.4115384615384615,0.02261538461538459,21.0,7.839999999999999,0.0,0.0
CFOP,7,2,0.05555555555555555,0.10888888888888887,0.10493827160493827,0.205679012345679,1.0,1.9599999999999997,747.6655098321373,562.2186101627465,4.53698845538767,2.0993923455925163,0.39015151515151514,0.05196969696969698,17.5,10.78,0.0,0.0
CFOP,8,2,0.05555555555555555,0.10888888888888887,0.10493827160493827,0.205679012345679,1.0,1.9599999999999997,670.2484677472553,699.8432840170874,3.789127482006799,1.370487339069365,0.3611111111111111,0.05444444444444447,15.0,5.879999999999998,0.0,0.0
CFOP,9,2,0.1111111111111111,0.10888888888888887,0.2623456790123457,0.411358024691358,2.0,1.9599999999999997,840.2103316138871,376.7192196374889,5.615026938919609,0.30761597519665934,0.29545454545454547,0.13363636363636364,21.0,0.0,0.0,0.0
CFOP,10,2,0.05555555555555555,0.10888888888888887,0.10493827160493827,0.205679012345679,1.0,1.9599999999999997,595.0383493173688,810.3616086657703,3.7985858731427498,1.3777369512481583,0.37727272727272726,0.15145454545454545,17.0,11.759999999999996,0.0,0.0
CFOP,11,2,0.027777777777777776,0.054444444444444434,0.026234567901234566,0.05141975308641975,0.5,0.9799999999999999,396.0755046730054,115.09303007119098,5.330982428336644,1.104819001377113,0.4185823754789272,0.0581992337164751,24.0,9.8,0.0,0.0
CFOP,12,2,0.027777777777777776,0.054444444444444434,0.026234567901234566,0.05141975308641975,0.5,0.9799999999999999,539.0812446680673,398.9441728971736,3.679877174754747,0.24623375412846255,0.34523809523809523,0.02333333333333336,14.5,0.9799999999999999,0.0,0.0
CFOP,13,2,0.05555555555555555,0.10888888888888887,0.10493827160493827,0.205679012345679,1.0,1.9599999999999997,686.9427067305055,116.71158878755644,4.521327377358805,1.7621177070060627,0.42391304347826086,0.1491304347826087,17.0,9.8,0.0,0.0
CFOP,14,2,0.027777777777777776,0.054444444444444434,0.026234567901234566,0.05141975308641975,0.5,0.9799999999999999,538.4202058274306,122.97427904034934,4.251743221059756,0.20767309667684727,0.33333333333333337,0.13066666666666665,15.5,0.9799999999999999,0.0,0.0
CFOP,15,2,0.0,0.0,0.0,0.0,0.0,0.0,554.232496097388,154.53642380249164,4.3157533790063445,1.1178070288989734,0.30952380952380953,0.046666666666666655,18.5,4.9,0.0,0.0
CFOP,16,2,0.027777777777777776,0.054444444444444434,0.026234567901234566,0.05141975308641975,0.5,0.9799999999999999,478.25292323242707,417.4334851155034,4.517463791758627,1.146540591464658,0.36438923395445133,0.03246376811594202,21.5,0.9799999999999999,0.0,0.0
CFOP,17,2,0.08333333333333333,0.1633333333333333,0.2361111111111111,0.4627777777777778,1.5,2.939999999999999,925.802852622628,1010.7027602673004,6.902072050840832,2.953374132975242,0.4065934065934066,0.04307692307692303,22.5,2.939999999999999,0.0,0.0
CFOP,18,2,0.05555555555555555,0.10888888888888887,0.10493827160493827,0.205679012345679,1.0,1.9599999999999997,621.0597945752954,533.2863029289796,3.285988254906579,1.5856906724836968,0.37857142857142856,0.04200000000000001,15.0,1.9599999999999997,0.0,0.0
CFOP,19,2,0.05555555555555555,0.10888888888888887,0.10493827160493827,0.205679012345679,1.0,1.9599999999999997,862.8444044265784,577.7581580969048,5.6548412102191286,4.319117778140586,0.2518518518518518,0.23229629629629622,21.0,11.759999999999996,0.0,0.0
CFOP,20,2,0.0,0.0,0.0,0.0,0.0,0.0,634.2988653379557,246.9435824471529,3.5593405943491785,0.36545698775226604,0.31009615384615385,0.004711538461538444,15.5,0.9799999999999999,0.0,0.0
CFOP,21,2,0.0,0.0,0.0,0.0,0.0,0.0,466.44105187746135,343.67320478958965,3.653509491418435,1.1823935108498238,0.4019607843137255,0.13450980392156864,16.0,1.9599999999999997,0.0,0.0
CFOP,22,2,0.0,0.0,0.0,0.0,0.0,0.0,455.45023969371584,75.22046463333145,4.098749056910161,1.0118043746260144,0.3355263157894737,0.16763157894736838,17.5,2.939999999999999,0.0,0.0
CFOP,23,2,0.0,0.0,0.0,0.0,0.0,0.0,625.9531594417058,146.64706924315476,4.1392599510448616,0.8582753107126143,0.3415032679738562,0.09287581699346403,17.5,0.9799999999999999,0.0,0.0
CFOP,24,2,0.0,0.0,0.0,0.0,0.0,0.0,462.48577426860135,738.9960307709133,4.032322874521245,5.603340279581383,0.4458333333333333,0.30216666666666664,14.5,18.619999999999997,0.0,0.0
CFOP,25,2,0.0,0.0,0.0,0.0,0.0,0.0,343.66276532531333,414.9077725070718,2.981970224144632,3.7515207208667776,0.3484848484848485,0.029696969696969725,14.0,15.679999999999998,0.0,0.0
CFOP,26,2,0.0,0.0,0.0,0.0,0.0,0.0,447.46168594591694,72.1064590531295,3.316642359465192,0.49466068506886235,0.34134615384615385,0.06596153846153843,14.5,2.939999999999999,0.0,0.0
CFOP,27,2,0.027777777777777776,0.054444444444444434,0.026234567901234566,0.05141975308641975,0.5,0.9799999999999999,932.0879516216082,105.5868451045584,4.501978305074575,0.6159278434001961,0.2738095238095238,0.11666666666666665,14.0,0.0,0.0,0.0
CFOP,28,2,0.05555555555555555,0.10888888888888887,0.10493827160493827,0.205679012345679,1.0,1.9599999999999997,366.401052578528,313.8166460779403,3.8388306868366895,0.9161971762851412,0.30833333333333335,0.08166666666666664,17.0,3.9199999999999995,0.0,0.0
CFOP,29,2,0.0,0.0,0.0,0.0,0.0,0.0,551.4925016379526,80.88545651787506,4.674357061639515,3.199186392925382,0.29166666666666663,0.08166666666666664,17.5,10.78,0.0,0.0
CFOP,30,2,0.0,0.0,0.0,0.0,0.0,0.0,600.9787934868975,110.94894895909295,5.043095240087485,0.8136769634826436,0.3666666666666667,0.06533333333333337,17.5,4.9,0.0,0.0
CFOP,31,2,0.0,0.0,0.0,0.0,0.0,0.0,357.90105839974706,361.24341816992126,3.116481460722086,4.934473322626718,0.28409090909090906,0.06681818181818182,13.0,17.639999999999997,0.0,0.0
CFOP,32,2,0.0,0.0,0.0,0.0,0.0,0.0,409.7088083367464,200.63980852800228,2.900669375864404,1.7298512796901842,0.36602870813397126,0.004688995215310974,15.0,7.839999999999999,0.0,0.0
CFOP,33,2,0.0,0.0,0.0,0.0,0.0,0.0,794.4024116587711,360.8574634774234,4.307892345350146,1.0248782043829125,0.19642857142857142,0.105,15.0,1.9599999999999997,0.0,0.0
CFOP,34,2,0.0,0.0,0.0,0.0,0.0,0.0,440.88155491590885,30.624116716394955,3.8031233745648465,0.1045156183778038,0.30147058823529416,0.10088235294117649,16.5,0.9799999999999999,0.0,0.0
CFOP,35,2,0.0,0.0,0.0,0.0,0.0,0.0,365.8753675596569,172.43281890545313,4.172789604681426,1.255759667622364,0.4145658263305322,0.12078431372549013,19.0,3.9199999999999995,0.0,0.0
EAO,0,2,0.027777777777777776,0.054444444444444434,0.026234567901234566,0.05141975308641975,0.5,0.9799999999999999,271.4119679712901,55.993578567049205,4.5504141068709085,1.5455446022669408,0.41428571428571426,0.027999999999999952,23.5,6.859999999999999,0.0,0.0
EAO,1,2,0.0,0.0,0.0,0.0,0.0,0.0,214.77251811621448,19.315819128616614,3.241771975052987,3.83271104903743,0.34325396825396826,0.23722222222222225,19.0,19.6,0.0,0.0
EAO,2,2,0.0,0.0,0.0,0.0,0.0,0.0,293.5420785651117,183.2095393659729,3.8286676155948998,0.5879978616645233,0.38405797101449274,0.09942028985507245,20.5,4.9,0.0,0.0
EAO,3,2,0.0,0.0,0.0,0.0,0.0,0.0,199.90610160476757,56.87708132466495,2.1961936816224608,0.9588666741779702,0.36458333333333337,0.10208333333333335,14.0,3.9199999999999995,0.0,0.0
EAO,4,2,0.027777777777777776,0.054444444444444434,0.026234567901234566,0.05141975308641975,0.5,0.9799999999999999,452.65693233936213,340.3784572357179,4.129794073274872,1.2842390623438924,0.3981900452488688,0.026606334841628918,21.0,7.839999999999999,0.0,0.0
EAO,5,2,0.05555555555555555,0.10888888888888887,0.04938271604938271,0.09679012345679011,0.5,0.9799999999999999,362.1630241971046,350.4395684935026,4.4494439936309735,1.7712814631611122,0.371875,0.05512500000000002,23.0,15.679999999999998,0.0,0.0
EAO,6,2,0.0,0.0,0.0,0.0,0.0,0.0,239.62416595940977,92.49835669621467,3.723427924894584,2.6819591312912996,0.45,0.09799999999999998,21.5,8.819999999999999,0.0,0.0
EAO,7,2,0.027777777777777776,0.054444444444444434,0.026234567901234566,0.05141975308641975,0.5,0.9799999999999999,277.57856812395846,23.607543441977185,3.246166212843437,1.9253497440489922,0.4128787878787879,0.007424242424242417,16.5,8.819999999999999,0.0,0.0
EAO,8,2,0.0,0.0,0.0,0.0,0.0,0.0,181.9173447176388,18.841647488688935,3.177240673014186,2.014574870081383,0.38888888888888884,0.10888888888888887,15.5,6.859999999999999,0.0,0.0
EAO,9,2,0.0,0.0,0.0,0.0,0.0,0.0,304.4682111430944,46.34621403616898,3.9701794106920323,0.14108680692764358,0.34090909090909094,0.044545454545454555,22.0,0.0,0.0,0.0
EAO,10,2,0.0,0.0,0.0,0.0,0.0,0.0,262.471682173436,158.53094106366208,3.42612463154531,2.10776098477914,0.37727272727272726,0.15145454545454545,16.0,11.759999999999996,0.0,0.0
EAO,11,2,0.0,0.0,0.0,0.0,0.0,0.0,279.63948797604235,98.94000427156327,4.638326268978701,1.1654234336286442,0.4185823754789272,0.0581992337164751,23.5,10.78,0.0,0.0
EAO,12,2,0.0,0.0,0.0,0.0,0.0,0.0,272.7734435534271,205.104337328957,2.907119199063289,1.0895851501843186,0.41428571428571426,0.027999999999999952,14.5,0.9799999999999999,0.0,0.0
EAO,13,2,0.0,0.0,0.0,0.0,0.0,0.0,251.19816187790008,8.282801921028046,3.5499918373124104,0.9262945496790674,0.46739130434782605,0.06391304347826088,17.5,10.78,0.0,0.0
EAO,14,2,0.0,0.0,0.0,0.0,0.0,0.0,252.08246105802567,72.55669646681591,3.4815942202913366,0.044361506247550905,0.33333333333333337,0.13066666666666665,15.0,0.0,0.0,0.0
EAO,15,2,0.0,0.0,0.0,0.0,0.0,0.0,221.79059601750458,21.89295848543161,3.448199018476396,0.8759952260657744,0.3666666666666667,0.06533333333333337,18.0,5.879999999999998,0.0,0.0
EAO,16,2,0.0,0.0,0.0,0.0,0.0,0.0,240.24978204803566,67.54187457540543,3.834934367931128,0.4139775807111952,0.3861283643892339,0.01014492753623192,22.0,1.9599999999999997,0.0,0.0
EAO,17,2,0.027777777777777776,0.054444444444444434,0.026234567901234566,0.05141975308641975,0.5,0.9799999999999999,313.818100002852,183.822851872086,4.472462559255369,0.01230677967129974,0.41117216117216115,0.1274358974358974,23.0,3.9199999999999995,0.0,0.0
EAO,18,2,0.0,0.0,0.0,0.0,0.0,0.0,205.49017258503181,21.957770993496972,2.5671640406622327,1.098166813937246,0.37857142857142856,0.04200000000000001,15.0,1.9599999999999997,0.0,0.0
EAO,19,2,0.1111111111111111,0.21777777777777774,0.19753086419753085,0.38716049382716045,1.0,1.9599999999999997,401.5885189159801,355.2642709746365,3.600911109821878,1.9027971655293763,0.2851851851851852,0.16696296296296292,19.0,7.839999999999999,0.0,0.0
EAO,20,2,0.08333333333333333,0.1633333333333333,0.125,0.24499999999999997,1.0,1.9599999999999997,285.72085263570335,181.74454539398252,2.91467240988889,0.060442134037395706,0.34134615384615385,0.06596153846153843,15.0,1.9599999999999997,0.0,0.0
EAO,21,2,0.08333333333333333,0.1633333333333333,0.2361111111111111,0.4627777777777778,1.5,2.939999999999999,402.37089810798017,462.9314489017382,2.8447273150430634,0.12399519809364465,0.4019607843137255,0.13450980392156864,16.0,1.9599999999999997,0.0,0.0
EAO,22,2,0.05555555555555555,0.10888888888888887,0.10493827160493827,0.205679012345679,1.0,1.9599999999999997,327.12081144881694,167.4187064453041,3.26126086051885,0.5649120032867139,0.39309210526315785,0.1579605263157894,18.0,1.9599999999999997,0.0,0.0
EAO,23,2,0.027777777777777776,0.054444444444444434,0.026234567901234566,0.05141975308641975,0.5,0.9799999999999999,331.3722051213045,32.80532846557291,3.059116525517728,1.0732065733579386,0.3709150326797386,0.03522875816993462,18.0,0.0,0.0,0.0
EAO,24,2,0.0,0.0,0.0,0.0,0.0,0.0,206.97358438748964,238.19213860393444,2.9209215189388527,3.4249936226398936,0.4666666666666667,0.2613333333333333,15.0,19.6,0.0,0.0
EAO,25,2,0.0,0.0,0.0,0.0,0.0,0.0,198.35634627347474,130.1071911654682,2.2533671864997054,2.3234587670827214,0.3484848484848485,0.029696969696969725,14.0,15.679999999999998,0.0,0.0
EAO,26,2,0.0,0.0,0.0,0.0,0.0,0.0,204.83447161067352,13.10947429109041,2.857505726418527,0.38806660366816,0.37259615384615385,0.12721153846153843,14.5,2.939999999999999,0.0,0.0
EAO,27,2,0.0,0.0,0.0,0.0,0.0,0.0,237.53214443412938,1.668133747538112,3.248470385808752,0.39207096561428834,0.34523809523809523,0.02333333333333336,14.5,0.9799999999999999,0.0,0.0
EAO,28,2,0.0,0.0,0.0,0.0,0.0,0.0,212.65435920788076,12.840404028162602,3.531559149618513,0.42861928270029914,0.35833333333333334,0.1796666666666667,17.5,4.9,0.0,0.0
EAO,29,2,0.027777777777777776,0.054444444444444434,0.026234567901234566,0.05141975308641975,0.5,0.9799999999999999,293.67585645824016,208.68774554352964,3.5471797056036376,1.3863152896986801,0.375,0.08166666666666669,16.0,7.839999999999999,0.0,0.0
EAO,30,2,0.027777777777777776,0.054444444444444434,0.026234567901234566,0.05141975308641975,0.5,0.9799999999999999,393.7093052935445,37.43007705113098,3.4533285813762173,0.4715479023149952,0.3666666666666667,0.06533333333333337,17.5,4.9,0.0,0.0
EAO,31,2,0.0,0.0,0.0,0.0,0.0,0.0,216.67676807749595,84.44380913830913,2.647527162156708,4.015322897438577,0.3068181818181818,0.11136363636363636,13.5,18.619999999999997,0.0,0.0
EAO,32,2,0.0,0.0,0.0,0.0,0.0,0.0,215.76738550363729,34.80588566149073,2.499262683628404,1.5897396569162552,0.36602870813397126,0.004688995215310974,15.0,7.839999999999999,0.0,0.0
EAO,33,2,0.0,0.0,0.0,0.0,0.0,0.0,289.01402380845593,44.6611703973361,2.8612900496639098,0.27664090746855224,0.23214285714285715,0.03500000000000001,15.0,1.9599999999999997,0.0,0.0
EAO,34,2,0.0,0.0,0.0,0.0,0.0,0.0,226.93171912363402,62.336085863012194,3.1412409257406866,0.002613624084239303,0.39338235294117646,0.03602941176470586,16.5,0.9799999999999999,0.0,0.0
EAO,35,2,0.0,0.0,0.0,0.0,0.0,0.0,241.7462827236086,29.262509159280114,3.6489821620910767,0.46024228701766645,0.4145658263305322,0.12078431372549013,19.0,3.9199999999999995,0.0,0.0
GMQ,0,2,0.0,0.0,0.0,0.0,0.0,0.0,571.7506617945405,130.54773434397285,6.348486280876136,1.8405765252688724,0.5357142857142857,0.06999999999999997,24.0,7.839999999999999,0.0,0.0
GMQ,1,2,0.0,0.0,0.0,0.0,0.0,0.0,304.56413717638543,85.25713458744406,4.015154312379319,4.659707398716373,0.5634920634920635,0.015555555555555498,18.5,18.619999999999997,0.0,0.0
GMQ,2,2,0.0,0.0,0.0,0.0,0.0,0.0,639.027444469838,656.8803379120405,5.2574774223090195,0.1580123815150729,0.5205314009661836,0.2580193236714976,20.5,4.9,0.0,0.0
GMQ,3,2,0.0,0.0,0.0,0.0,0.0,0.0,532.6445737426403,592.0536680218738,3.1050822452911304,2.2295651136473134,0.4375,0.12249999999999998,14.0,3.9199999999999995,0.0,0.0
GMQ,4,2,0.0,0.0,0.0,0.0,0.0,0.0,434.6173219271983,358.38592384211046,5.241849290847845,1.976252846198705,0.5248868778280543,0.12416289592760178,21.5,8.819999999999999,0.0,0.0
GMQ,5,2,0.0,0.0,0.0,0.0,0.0,0.0,493.6136775015217,240.35758547030673,5.9760274467603445,2.8985277792120616,0.534375,0.12862499999999996,23.5,16.659999999999997,0.0,0.0
GMQ,6,2,0.0,0.0,0.0,0.0,0.0,0.0,303.681871208055,228.85780694968622,4.441278295875339,3.572905952258062,0.5884615384615384,0.02261538461538464,20.5,10.78,0.0,0.0
GMQ,7,2,0.0,0.0,0.0,0.0,0.0,0.0,326.50789946330394,57.52277657838143,4.1575862257163365,2.3273243856943164,0.5416666666666667,0.08166666666666669,17.0,9.8,0.0,0.0
GMQ,8,2,0.0,0.0,0.0,0.0,0.0,0.0,270.3693805654308,175.46701648722825,3.671116326565908,1.991992651038088,0.5833333333333333,0.16333333333333327,15.0,5.879999999999998,0.0,0.0
GMQ,9,2,0.0,0.0,0.0,0.0,0.0,0.0,463.74505804080957,218.45731583288085,5.260848496220615,1.3976069634934807,0.5,0.0,22.0,0.0,0.0,0.0
GMQ,10,2,0.0,0.0,0.0,0.0,0.0,0.0,239.82748855829124,200.15837065488216,3.933214570281321,2.4555658551566175,0.6136363636363636,0.22272727272727272,16.0,11.759999999999996,0.0,0.0
GMQ,11,2,0.0,0.0,0.0,0.0,0.0,0.0,336.34705461896976,198.61594495433798,5.60021285467379,1.1804130623589069,0.5881226053639848,0.06383141762452106,23.5,10.78,0.0,0.0
GMQ,12,2,0.0,0.0,0.0,0.0,0.0,0.0,494.60359081377635,125.18378795650925,3.2354273574699186,0.7683460433893315,0.5142857142857142,0.16799999999999998,14.5,0.9799999999999999,0.0,0.0
GMQ,13,2,0.0,0.0,0.0,0.0,0.0,0.0,378.85863667846695,294.29163685648064,4.203738017589503,1.9957190245881133,0.572463768115942,0.18463768115942022,17.5,10.78,0.0,0.0
GMQ,14,2,0.0,0.0,0.0,0.0,0.0,0.0,461.0133725629672,143.4434272356441,4.337209431764019,0.6983601699049603,0.5,0.06533333333333331,15.0,0.0,0.0,0.0
GMQ,15,2,0.0,0.0,0.0,0.0,0.0,0.0,490.4789647859058,57.823846064794445,4.346844650750871,1.6387599250227078,0.49523809523809526,0.056000000000000015,18.0,5.879999999999998,0.0,0.0
GMQ,16,2,0.0,0.0,0.0,0.0,0.0,0.0,522.3565864445436,173.86540006445472,4.691926780544836,0.865062991185874,0.5010351966873706,0.0446376811594203,22.0,1.9599999999999997,0.0,0.0
GMQ,17,2,0.0,0.0,0.0,0.0,0.0,0.0,612.5213510376213,209.4861907854849,5.900616904659502,0.6203425667266206,0.5595238095238095,0.11666666666666668,23.5,4.9,0.0,0.0
GMQ,18,2,0.0,0.0,0.0,0.0,0.0,0.0,502.8221918754879,380.01006592655267,3.495663699040602,1.7390206833109514,0.4857142857142857,0.16799999999999993,14.5,0.9799999999999999,0.0,0.0
GMQ,19,2,0.0,0.0,0.0,0.0,0.0,0.0,626.6311655852038,33.713124618782636,5.572648098042282,3.3172305308965417,0.4925925925925926,0.05081481481481477,21.0,11.759999999999996,0.0,0.0
GMQ,20,2,0.0,0.0,0.0,0.0,0.0,0.0,343.290365539942,32.3701164334701,3.784386791576642,0.12255183062488735,0.5817307692307692,0.08480769230769232,14.5,2.939999999999999,0.0,0.0
GMQ,21,2,0.0,0.0,0.0,0.0,0.0,0.0,377.8352188948959,111.3743769882661,3.6343943087216797,0.3826086778224567,0.5235294117647059,0.24211764705882352,16.0,1.9599999999999997,0.0,0.0
GMQ,22,2,0.0,0.0,0.0,0.0,0.0,0.0,401.45350453290257,90.02222750976028,4.33379689705667,0.23403252458772825,0.5707236842105263,0.0161184210526316,17.5,2.939999999999999,0.0,0.0
GMQ,23,2,0.0,0.0,0.0,0.0,0.0,0.0,448.71363271949446,318.6709907443737,3.9466816995096794,1.6437900708313609,0.5408496732026145,0.13771241830065364,17.5,0.9799999999999999,0.0,0.0
GMQ,24,2,0.0,0.0,0.0,0.0,0.0,0.0,248.59592988302396,319.77193577518165,3.693906134983431,4.940043470087266,0.5708333333333333,0.05716666666666668,14.5,18.619999999999997,0.0,0.0
GMQ,25,2,0.0,0.0,0.0,0.0,0.0,0.0,234.38165141725005,248.35482214290107,3.0187086089551145,3.452539936448589,0.7121212121212122,0.23757575757575755,14.0,15.679999999999998,0.0,0.0
GMQ,26,2,0.0,0.0,0.0,0.0,0.0,0.0,234.04633759608063,213.19480836531048,3.446590132758252,0.5363684406136849,0.6274038461538461,0.12721153846153843,14.5,2.939999999999999,0.0,0.0
GMQ,27,2,0.0,0.0,0.0,0.0,0.0,0.0,913.4519830842246,958.9558345966956,4.9637303815136065,0.34159208951705017,0.4857142857142857,0.16799999999999993,14.5,0.9799999999999999,0.0,0.0
GMQ,28,2,0.0,0.0,0.0,0.0,0.0,0.0,319.50428986048223,335.9636056589147,4.416532153501432,0.8782008325597594,0.5833333333333333,0.16333333333333327,17.5,4.9,0.0,0.0
GMQ,29,2,0.0,0.0,0.0,0.0,0.0,0.0,569.6773296027305,432.54045845751523,4.66550591840644,2.4276726287243506,0.5535714285714286,0.05833333333333334,16.5,8.819999999999999,0.0,0.0
GMQ,30,2,0.0,0.0,0.0,0.0,0.0,0.0,529.9107505342286,67.07425465833106,4.625181868451115,0.03318173813764303,0.45833333333333337,0.016333333333333328,17.5,4.9,0.0,0.0
GMQ,31,2,0.0,0.0,0.0,0.0,0.0,0.0,244.5087667246214,286.31941918549757,3.1531168516079404,4.608213414686504,0.6931818181818181,0.11136363636363636,13.0,17.639999999999997,0.0,0.0
GMQ,32,2,0.0,0.0,0.0,0.0,0.0,0.0,267.77806504064654,35.302939283399965,2.8976274014133327,1.4893056158590432,0.5358851674641147,0.01875598086124401,15.0,7.839999999999999,0.0,0.0
GMQ,33,2,0.0,0.0,0.0,0.0,0.0,0.0,451.6995806714113,135.59854238540845,4.09183110558474,0.6056726543924791,0.5044642857142857,0.13124999999999995,15.0,1.9599999999999997,0.0,0.0
GMQ,34,2,0.0,0.0,0.0,0.0,0.0,0.0,277.6858327848437,28.488408334032336,3.5365481560444056,0.6721835740286244,0.5441176470588236,0.08647058823529413,16.5,0.9799999999999999,0.0,0.0
GMQ,35,2,0.0,0.0,0.0,0.0,0.0,0.0,371.34293392323025,5.081953574189207,4.362286594620748,0.6871223932862026,0.5560224089635855,0.06313725490196079,19.0,3.9199999999999995,0.0,0.0
LEO,0,2,0.8055555555555556,0.38111111111111107,2.7299382716049383,2.2715432098765427,5.5,0.9799999999999999,3554.247580510406,302.87440466488613,6.787102915180629,0.39933696547594644,0.0,0.0,9.5,0.9799999999999999,0.0,0.0
LEO,1,2,1.4722222222222223,0.9255555555555556,11.804012345679013,7.89141975308642,12.5,0.9799999999999999,7588.9538575627075,1019.8851536093631,6.078264958607944,2.050703105237,0.0,0.0,9.0,0.0,0.0,0.0
LEO,2,2,2.0,1.4155555555555555,23.645061728395063,16.55111111111111,16.5,0.9799999999999999,9640.27652914637,2347.425532522695,4.603996301872538,1.9792111232107386,0.0,0.0,9.5,0.9799999999999999,0.0,0.0
LEO,3,2,2.5277777777777777,1.7966666666666669,33.02006172839506,31.151296296296294,19.0,1.9599999999999997,9280.009519080808,8203.61371447384,5.3706442258124625,3.7198498386682743,0.0,0.0,10.0,0.0,0.0,0.0
LEO,4,2,3.0555555555555554,2.504444444444444,48.41975308641975,52.09728395061728,24.0,7.839999999999999,12834.105017418246,8123.913925110001,5.493991176315541,3.798938258643755,0.0,0.0,9.0,0.0,0.0,0.0
LEO,5,2,3.138888888888889,2.6677777777777774,50.711419753086425,53.32228395061728,24.0,5.879999999999998,9223.462580310019,3193.2912294604203,3.0379272229196586,1.1583633945019811,0.0,0.0,9.5,2.939999999999999,0.0,0.0
LEO,6,2,3.5,3.1577777777777767,63.20987654320987,65.5511111111111,27.0,5.879999999999998,13741.46077772805,8591.342083252772,4.8541042211276855,2.2636159253965897,0.0,0.0,10.0,1.9599999999999997,0.0,0.0
LEO,7,2,4.027777777777778,3.5388888888888883,83.43364197530863,72.81339506172839,30.0,0.0,17578.07386601256,4691.381075055482,5.041157620403987,1.4456989255029675,0.0,0.0,9.0,0.0,0.0,0.0
LEO,8,2,4.277777777777778,4.464444444444443,97.40123456790124,92.68864197530866,33.0,3.9199999999999995,18305.11686174304,5411.879326174811,3.861075543258606,4.472520456572474,0.0,0.0,9.0,0.0,0.0,0.0
LEO,9,2,4.861111111111111,4.845555555555555,106.72993827160494,117.25820987654318,33.5,6.859999999999999,12282.587365702155,16154.304169413599,5.690613561089078,2.1332385976548416,0.0,0.0,9.5,0.9799999999999999,0.0,0.0
LEO,10,2,5.333333333333333,5.444444444444444,125.4506172839506,148.27037037037036,36.5,12.739999999999998,18270.507484715836,18041.287684392053,4.887791237966513,4.532682562657456,0.0,0.0,9.0,0.0,0.0,0.0
LEO,11,2,5.777777777777779,5.88,144.67283950617283,181.51777777777775,37.5,16.659999999999997,19430.289212116862,21276.545883317584,4.424187676118196,3.0481396602295443,0.0,0.0,9.0,0.0,0.0,0.0
LEO,12,2,6.027777777777779,6.478888888888889,153.2114197530864,194.7145061728395,39.0,19.6,15231.926750194236,13386.263880730552,5.0790934541669985,4.095095417493658,0.0,0.0,11.0,0.0,0.0,0.0
LEO,13,2,6.666666666666667,7.077777777777779,177.34876543209876,246.88740740740738,43.0,27.439999999999998,19200.516738979717,26405.448126818465,6.4801342957145245,2.8668540634896527,0.0,0.0,10.0,0.0,0.0,0.0
LEO,14,2,7.166666666666667,7.404444444444445,197.14506172839504,279.44518518518515,44.5,28.419999999999995,19680.84322687264,21181.25452580026,5.044607459546164,1.4007662744978846,0.0,0.0,10.5,0.9799999999999999,0.0,0.0
LEO,15,2,7.527777777777778,7.567777777777779,205.17438271604937,295.6484567901234,45.5,30.379999999999995,16295.222957173073,17225.385786586347,3.7791572282065413,1.1646830810479172,0.0,0.0,10.5,0.9799999999999999,0.0,0.0
LEO,16,2,8.13888888888889,8.547777777777776,223.65586419753086,335.2356172839506,44.5,30.379999999999995,17738.911465316432,19638.026387191065,5.9545060711804725,6.284589450177811,0.0,0.0,10.5,2.939999999999999,0.0,0.0
LEO,17,2,8.416666666666666,8.11222222222222,233.00154320987656,349.5787037037037,44.0,29.4,20778.00005198516,23330.067248668205,4.577538745059024,0.8607885888647843,0.0,0.0,10.5,2.939999999999999,0.0,0.0
LEO,18,2,8.88888888888889,7.839999999999999,252.98765432098767,376.9733333333333,47.0,35.279999999999994,27887.817258104846,35420.580009540965,4.347729201918234,2.1528097450238928,0.0,0.0,10.0,3.9199999999999995,0.0,0.0
LEO,19,2,9.305555555555555,6.805555555555556,256.71141975308643,370.03771604938265,48.5,36.26,18571.639355040792,14531.60959304202,4.488654544846328,4.158312912220245,0.0,0.0,10.5,0.9799999999999999,0.0,0.0
LEO,20,2,9.944444444444445,6.533333333333334,297.0524691358025,427.78814814814814,52.5,46.059999999999995,33021.19919540829,35850.30805252525,6.006624596904281,1.9521294200279309,0.0,0.0,10.5,0.9799999999999999,0.0,0.0
LEO,21,2,10.527777777777779,5.063333333333332,320.6311728395061,415.56537037037026,55.0,47.039999999999985,46741.10320540175,54213.700711784804,4.4383796377817255,5.304942444235338,0.0,0.0,8.5,0.9799999999999999,0.08333333333333333,0.1633333333333333
LEO,22,2,11.11111111111111,4.028888888888888,330.0956790123457,397.74691358024694,55.0,47.039999999999985,22862.478780811856,9169.086206400669,5.501807939595509,5.449900893245113,0.0,0.0,9.5,0.9799999999999999,0.08333333333333333,0.1633333333333333
LEO,23,2,11.555555555555555,3.2666666666666653,341.35802469135797,376.61037037037033,55.5,46.059999999999995,23914.280476587875,3105.3595914206035,4.703194681174858,4.505206934960069,0.0,0.0,10.0,0.0,0.13333333333333333,0.2613333333333333
LEO,24,2,12.027777777777779,2.885555555555555,348.9151234567901,350.6252469135802,55.0,47.039999999999985,21219.94785437219,7194.3249706093975,4.923639762373129,2.6182539605540875,0.0,0.0,10.5,0.9799999999999999,0.0,0.0
LEO,25,2,12.527777777777779,2.6677777777777787,365.95216049382714,327.17179012345673,56.0,45.08,25707.123595520556,3289.254368273385,5.748151978166877,1.2612188074746373,0.0,0.0,11.5,0.9799999999999999,0.07142857142857142,0.13999999999999999
LEO,26,2,13.527777777777779,1.1433333333333326,397.3533950617284,270.63425925925924,59.0,39.2,27362.62972031866,2324.322262602386,7.985746572019471,8.09941858027651,0.0,0.0,10.5,0.9799999999999999,0.08823529411764706,0.17294117647058824
LEO,27,2,14.11111111111111,0.5444444444444442,395.96604938271605,259.90567901234573,59.5,38.21999999999999,19680.00745894954,1701.0346512896324,5.961524291729894,1.7249187755226003,0.0,0.0,10.5,0.9799999999999999,0.05555555555555555,0.10888888888888887
LEO,28,2,14.944444444444443,0.43555555555555575,427.7253086419753,204.55382716049382,64.0,29.4,30162.233444337213,12056.195179705801,7.675588975236165,6.046082301746994,0.0,0.0,10.5,0.9799999999999999,0.027777777777777776,0.054444444444444434
LEO,29,2,15.777777777777777,1.0888888888888884,449.03086419753083,190.83382716049374,65.5,26.459999999999997,28581.27528116492,240.93085932399987,6.671978624181614,2.8513998898872916,0.0,0.0,11.0,0.0,0.06521739130434782,0.12782608695652173
LEO,30,2,16.61111111111111,1.4155555555555541,492.4382716049382,160.92567901234565,68.0,21.56,37059.62697493478,10437.541096548619,6.586210431831468,0.13575302949631946,0.0,0.0,11.0,1.9599999999999997,0.1,0.196
LEO,31,2,17.13888888888889,2.014444444444446,522.4521604938271,134.5473456790123,70.0,17.639999999999997,37473.900666993475,610.0460764373754,4.7714394375576585,2.947719187690196,0.0,0.0,11.0,1.9599999999999997,0.0625,0.12249999999999998
LEO,32,2,18.055555555555557,3.0488888888888885,561.0771604938271,49.774320987654264,73.5,10.78,33623.986439781125,18627.533075679014,7.03594950261333,4.5863417852970825,0.0,0.0,11.0,1.9599999999999997,0.027777777777777776,0.054444444444444434
LEO,33,2,18.444444444444443,3.2666666666666653,583.6358024691358,9.763703703703786,75.5,6.859999999999999,37382.11067144479,16478.41522946117,4.89388533397295,2.3219804300292903,0.0,0.0,11.0,1.9599999999999997,0.03125,0.06124999999999999
LEO,34,2,18.444444444444443,3.3755555555555574,587.1697530864197,5.287160493827245,76.0,5.879999999999998,33733.21687506717,2786.548834989118,3.374879907296521,0.18576568859917975,0.0,0.0,11.5,0.9799999999999999,0.045454545454545456,0.08909090909090908
LEO,35,2,18.694444444444443,2.8855555555555568,601.5447530864197,1.6666049382715662,77.0,3.9199999999999995,36857.569741507,14314.367448095883,4.770186478557398,2.473593543219892,0.0,0.0,12.0,0.0,0.0625,0.12249999999999998
LFO,0,2,0.0,0.0,0.0,0.0,0.0,0.0,174.6174898949256,72.9596664575006,5.4131812719808075,2.6291500308711457,0.6857142857142857,0.2659999999999999,24.0,7.839999999999999,0.0,0.0
LFO,1,2,0.0,0.0,0.0,0.0,0.0,0.0,145.39432185728265,7.973813710252195,3.8572529023647375,4.600969923959252,0.7440476190476191,0.15166666666666664,18.5,18.619999999999997,0.0,0.0
LFO,2,2,0.0,0.0,0.0,0.0,0.0,0.0,165.31182043264272,79.68831324303464,4.77423928494709,0.4895465684597511,0.7463768115942029,0.15623188405797103,20.5,4.9,0.0,0.0
LFO,3,2,0.0,0.0,0.0,0.0,0.0,0.0,138.5414677436521,84.25018415317992,2.700999996578872,1.3033399065285574,0.7291666666666667,0.2041666666666667,14.0,3.9199999999999995,0.0,0.0
LFO,4,2,0.0,0.0,0.0,0.0,0.0,0.0,182.79499509647047,105.57688062717975,5.085879870356063,1.1440708096842804,0.7002262443438914,0.2416742081447964,21.5,8.819999999999999,0.0,0.0
LFO,5,2,0.0,0.0,0.0,0.0,0.0,0.0,189.58783778028743,159.8619005523004,5.070518386459692,2.1975895321731276,0.6635416666666667,0.13679166666666662,23.5,16.659999999999997,0.0,0.0
LFO,6,2,0.0,0.0,0.0,0.0,0.0,0.0,152.83923482085808,28.984414222496408,4.160655339689013,3.452676498969754,0.7230769230769231,0.24123076923076922,20.5,10.78,0.0,0.0
LFO,7,2,0.0,0.0,0.0,0.0,0.0,0.0,142.10662591928963,22.58112614600138,4.101998692298382,2.150033934020459,0.7196969696969697,0.10393939393939396,17.0,9.8,0.0,0.0
LFO,8,2,0.0,0.0,0.0,0.0,0.0,0.0,140.18393547918254,20.80897551324571,3.6725129011093305,1.991586757079541,0.6805555555555556,0.19055555555555553,15.0,5.879999999999998,0.0,0.0
LFO,9,2,0.0,0.0,0.0,0.0,0.0,0.0,177.82390208592733,83.39466654173923,4.802884196022611,0.10187090866441131,0.7272727272727273,0.17818181818181822,22.0,0.0,0.0,0.0
LFO,10,2,0.0,0.0,0.0,0.0,0.0,0.0,146.79025422046615,46.421200775240315,4.118874944585621,2.087765670319281,0.759090909090909,0.1158181818181819,16.0,11.759999999999996,0.0,0.0
LFO,11,2,0.0,0.0,0.0,0.0,0.0,0.0,171.76984103561233,56.38387027546603,5.346359926634294,1.8848677688301156,0.7021072796934866,0.17835249042145587,23.5,10.78,0.0,0.0
LFO,12,2,0.0,0.0,0.0,0.0,0.0,0.0,138.52660740484004,46.05017213926774,3.2323261769563496,1.0691939797197372,0.6880952380952381,0.08866666666666656,14.5,0.9799999999999999,0.0,0.0
LFO,13,2,0.0,0.0,0.0,0.0,0.0,0.0,165.81101439597873,100.74940766411174,3.9243678406078653,0.8193311548695954,0.7427536231884058,0.17753623188405798,17.5,10.78,0.0,0.0
LFO,14,2,0.0,0.0,0.0,0.0,0.0,0.0,148.95407576992153,60.632312593427955,4.1241294348700706,0.16230731524732886,0.7333333333333334,0.13066666666666674,15.0,0.0,0.0,0.0
LFO,15,2,0.0,0.0,0.0,0.0,0.0,0.0,160.11286668099146,55.92620893257297,3.8658820785172496,1.5289948536182345,0.7047619047619047,0.20533333333333337,18.0,5.879999999999998,0.0,0.0
LFO,16,2,0.0,0.0,0.0,0.0,0.0,0.0,177.4398493393412,91.02795005440424,4.2965925340619116,0.22096578770154868,0.7308488612836439,0.1542028985507246,22.0,1.9599999999999997,0.0,0.0
LFO,17,2,0.0,0.0,0.0,0.0,0.0,0.0,194.99313552212402,110.58894150453769,5.416193743781541,0.22128113757376958,0.7362637362637363,0.23692307692307682,23.5,4.9,0.0,0.0
LFO,18,2,0.0,0.0,0.0,0.0,0.0,0.0,147.91078145750296,74.68474317491193,2.9943579439569343,0.9472786987604273,0.7952380952380952,0.12133333333333332,14.5,0.9799999999999999,0.0,0.0
LFO,19,2,0.0,0.0,0.0,0.0,0.0,0.0,180.13497157462024,135.2272253935265,4.599348653718302,2.6701958388572242,0.7333333333333334,0.13066666666666674,21.0,11.759999999999996,0.0,0.0
LFO,20,2,0.0,0.0,0.0,0.0,0.0,0.0,150.59488537777912,57.13056649547735,3.505481266889481,0.005140853202082125,0.7451923076923077,0.25442307692307686,14.5,2.939999999999999,0.0,0.0
LFO,21,2,0.0,0.0,0.0,0.0,0.0,0.0,144.73433815209899,56.17154860349314,3.3798857658954184,0.4147368041090725,0.7117647058823529,0.21905882352941175,16.0,1.9599999999999997,0.0,0.0
LFO,22,2,0.0,0.0,0.0,0.0,0.0,0.0,154.96972132612137,63.031813628500295,3.884526488317846,0.5640496047012037,0.680921052631579,0.10960526315789468,17.5,2.939999999999999,0.0,0.0
LFO,23,2,0.0,0.0,0.0,0.0,0.0,0.0,159.91819847069522,81.38733723465158,3.580812842538828,0.9970348284001362,0.6830065359477124,0.18575163398692807,17.5,0.9799999999999999,0.0,0.0
LFO,24,2,0.0,0.0,0.0,0.0,0.0,0.0,159.52891553964048,142.71567140746336,3.3304790073363417,4.207541000676373,0.7125,0.17150000000000004,14.5,18.619999999999997,0.0,0.0
LFO,25,2,0.0,0.0,0.0,0.0,0.0,0.0,161.94560778309642,106.38017661995994,2.8163057587857687,3.0558303501166715,0.7121212121212122,0.23757575757575755,14.0,15.679999999999998,0.0,0.0
LFO,26,2,0.0,0.0,0.0,0.0,0.0,0.0,147.862028489869,64.123760647357,3.336449157795831,0.008634270868214599,0.7355769230769231,0.21673076923076923,14.5,2.939999999999999,0.0,0.0
LFO,27,2,0.0,0.0,0.0,0.0,0.0,0.0,155.1238810065394,64.86305917386204,3.9450764051016347,0.7728985175906475,0.6928571428571428,0.18200000000000002,14.5,0.9799999999999999,0.0,0.0
LFO,28,2,0.0,0.0,0.0,0.0,0.0,0.0,163.24143738902507,85.27976856812776,3.9297378110309573,0.20234237211740497,0.7,0.1960000000000001,17.5,4.9,0.0,0.0
LFO,29,2,0.0,0.0,0.0,0.0,0.0,0.0,170.97704381503365,90.39676810618775,4.190831544201151,1.7388031847583432,0.7261904761904763,0.21,16.5,8.819999999999999,0.0,0.0
LFO,30,2,0.0,0.0,0.0,0.0,0.0,0.0,162.5421828874136,80.87184755898905,4.209789174051846,0.27327148241766025,0.7250000000000001,0.147,17.5,4.9,0.0,0.0
LFO,31,2,0.0,0.0,0.0,0.0,0.0,0.0,159.17212499988278,119.05960140500984,2.968492510660981,4.246349706430463,0.6931818181818181,0.11136363636363636,13.0,17.639999999999997,0.0,0.0
LFO,32,2,0.0,0.0,0.0,0.0,0.0,0.0,156.87582305135115,92.39395514806834,2.911916608544363,1.6796798440440537,0.7248803827751196,0.18287081339712927,15.0,7.839999999999999,0.0,0.0
LFO,33,2,0.0,0.0,0.0,0.0,0.0,0.0,153.54032282503675,57.62789868190419,3.900248730889653,0.8296524081919433,0.7723214285714286,0.16624999999999993,15.0,1.9599999999999997,0.0,0.0
LFO,34,2,0.0,0.0,0.0,0.0,0.0,0.0,151.02248373592454,69.6889687739276,3.4132439894103346,0.4401117266943584,0.7242647058823529,0.1945588235294117,16.5,0.9799999999999999,0.0,0.0
LFO,35,2,0.0,0.0,0.0,0.0,0.0,0.0,160.0787249402871,63.66944393401143,4.1702714247117,0.7588111790059853,0.7282913165266107,0.15921568627450977,19.0,3.9199999999999995,0.0,0.0
QSALB-Full,0,2,0.0,0.0,0.0,0.0,0.0,0.0,239.65816431204814,10.768040697910987,4.886819818892912,1.505228615978932,0.4392857142857143,0.021000000000000033,24.0,7.839999999999999,0.0,0.0
QSALB-Full,1,2,0.0,0.0,0.0,0.0,0.0,0.0,190.10357201098665,53.56476684742574,3.211301287126039,3.574332993067459,0.45436507936507936,0.019444444444444483,18.5,18.619999999999997,0.0,0.0
QSALB-Full,2,2,0.0,0.0,0.0,0.0,0.0,0.0,194.15322640172735,72.637785893235,4.4811505233594655,0.02772920610931072,0.5326086956521738,0.06391304347826082,20.5,4.9,0.0,0.0
QSALB-Full,3,2,0.0,0.0,0.0,0.0,0.0,0.0,198.07172767902392,50.06274960244983,2.409260691106454,1.3329084749893443,0.46875,0.06124999999999999,14.0,3.9199999999999995,0.0,0.0
QSALB-Full,4,2,0.0,0.0,0.0,0.0,0.0,0.0,231.46806864802952,80.62760256784894,4.521185752195975,1.493282510726569,0.44683257918552033,0.04656108597285067,21.5,8.819999999999999,0.0,0.0
QSALB-Full,5,2,0.0,0.0,0.0,0.0,0.0,0.0,251.1711806852689,169.85356229590934,5.070958058668876,2.659747808448322,0.45416666666666666,0.15516666666666665,23.5,16.659999999999997,0.0,0.0
QSALB-Full,6,2,0.0,0.0,0.0,0.0,0.0,0.0,179.2882553038677,7.071287221496021,3.8929911332456357,2.9259367358262325,0.48846153846153845,0.17338461538461528,20.5,10.78,0.0,0.0
QSALB-Full,7,2,0.0,0.0,0.0,0.0,0.0,0.0,184.60991811186227,8.833163222962604,3.6485723004718524,1.9624669944761242,0.5,0.0,17.0,9.8,0.0,0.0
QSALB-Full,8,2,0.0,0.0,0.0,0.0,0.0,0.0,173.20573353287645,4.600181610891294,3.2817083890028,1.6703219721910154,0.4305555555555556,0.02722222222222218,15.0,5.879999999999998,0.0,0.0
QSALB-Full,9,2,0.0,0.0,0.0,0.0,0.0,0.0,234.25415096723623,69.03626236687225,4.39493047693194,0.4297987801336255,0.40909090909090906,0.08909090909090905,22.0,0.0,0.0,0.0
QSALB-Full,10,2,0.0,0.0,0.0,0.0,0.0,0.0,169.84373172297921,14.1029768584052,3.8033548749294637,2.1907700722645362,0.5227272727272727,0.044545454545454506,16.0,11.759999999999996,0.0,0.0
QSALB-Full,11,2,0.0,0.0,0.0,0.0,0.0,0.0,199.4481200376896,38.63999979116025,5.017134598636156,1.3540082961718496,0.5258620689655172,0.05068965517241378,23.5,10.78,0.0,0.0
QSALB-Full,12,2,0.0,0.0,0.0,0.0,0.0,0.0,155.76191914125076,29.065632555511804,2.979006472570529,0.9945174721144686,0.5166666666666666,0.032666666666666656,14.5,0.9799999999999999,0.0,0.0
QSALB-Full,13,2,0.0,0.0,0.0,0.0,0.0,0.0,198.09502976292362,112.37612175418512,3.7344321754857726,0.9270513299717164,0.5090579710144928,0.14557971014492757,17.5,10.78,0.0,0.0
QSALB-Full,14,2,0.0,0.0,0.0,0.0,0.0,0.0,181.30231213265319,46.83954213487779,3.7485391501066285,0.09675740543278333,0.4666666666666667,0.0,15.0,0.0,0.0,0.0
QSALB-Full,15,2,0.0,0.0,0.0,0.0,0.0,0.0,199.37728272467962,16.211892257255325,3.621092930556083,1.0991488598731247,0.4809523809523809,0.10266666666666668,18.0,5.879999999999998,0.0,0.0
QSALB-Full,16,2,0.0,0.0,0.0,0.0,0.0,0.0,204.65177962656605,59.67367458449026,4.079401299501936,0.4161693969898114,0.4772256728778468,0.002028985507246417,22.0,1.9599999999999997,0.0,0.0
QSALB-Full,17,2,0.0,0.0,0.0,0.0,0.0,0.0,240.5294914337028,149.95762786278644,4.994854281985484,0.4908605443042428,0.5164835164835164,0.10769230769230764,23.5,4.9,0.0,0.0
QSALB-Full,18,2,0.0,0.0,0.0,0.0,0.0,0.0,179.32866100927762,56.53773239845151,2.5236332880732,0.7756148275528043,0.48333333333333334,0.032666666666666656,14.5,0.9799999999999999,0.0,0.0
QSALB-Full,19,2,0.0,0.0,0.0,0.0,0.0,0.0,227.80337177730263,123.94942015224969,4.151015083806983,2.2467415638355894,0.4222222222222222,0.04355555555555551,21.0,11.759999999999996,0.0,0.0
QSALB-Full,20,2,0.0,0.0,0.0,0.0,0.0,0.0,173.43985022569757,26.359565688141952,3.199516337400606,0.08683541172567129,0.4807692307692308,0.037692307692307664,14.5,2.939999999999999,0.0,0.0
QSALB-Full,21,2,0.0,0.0,0.0,0.0,0.0,0.0,183.77005593327166,66.2237891113404,3.054830882891075,0.34651095636559215,0.4647058823529412,0.12682352941176467,16.0,1.9599999999999997,0.0,0.0
QSALB-Full,22,2,0.0,0.0,0.0,0.0,0.0,0.0,186.6069637173732,42.806908437173995,3.5559380357296178,0.17062443101390473,0.48684210526315785,0.025789473684210553,17.5,2.939999999999999,0.0,0.0
QSALB-Full,23,2,0.0,0.0,0.0,0.0,0.0,0.0,185.38243459064094,55.35899000098528,3.36659935957114,0.962561363111962,0.4852941176470588,0.02882352941176471,17.5,0.9799999999999999,0.0,0.0
QSALB-Full,24,2,0.0,0.0,0.0,0.0,0.0,0.0,166.7721651015146,159.39735680342332,3.09763480501685,3.771351663352768,0.5083333333333333,0.17966666666666664,14.5,18.619999999999997,0.0,0.0
QSALB-Full,25,2,0.0,0.0,0.0,0.0,0.0,0.0,179.6767426324554,110.22220552247964,2.5940478898133894,2.9072808583743877,0.4545454545454546,0.08909090909090905,14.0,15.679999999999998,0.0,0.0
QSALB-Full,26,2,0.0,0.0,0.0,0.0,0.0,0.0,161.08322404867872,51.16480304113907,3.0627469628345123,0.19751256133585612,0.5192307692307692,0.037692307692307664,14.5,2.939999999999999,0.0,0.0
QSALB-Full,27,2,0.0,0.0,0.0,0.0,0.0,0.0,184.2380978232485,55.65272876433272,3.6677746652383627,0.7595766157098496,0.519047619047619,0.10266666666666663,14.5,0.9799999999999999,0.0,0.0
QSALB-Full,28,2,0.0,0.0,0.0,0.0,0.0,0.0,205.86009235815453,58.96041327143274,3.5894788501961816,0.1942417966509734,0.4,0.0,17.5,4.9,0.0,0.0
QSALB-Full,29,2,0.0,0.0,0.0,0.0,0.0,0.0,207.8715382503214,83.0511032310973,3.838787187677376,1.8439960901861339,0.4642857142857143,0.07000000000000002,16.5,8.819999999999999,0.0,0.0
QSALB-Full,30,2,0.0,0.0,0.0,0.0,0.0,0.0,195.8948556763186,73.02357826802942,3.9879132482221937,0.3840019804704122,0.4666666666666667,0.13066666666666663,17.5,4.9,0.0,0.0
QSALB-Full,31,2,0.0,0.0,0.0,0.0,0.0,0.0,169.7386059871904,139.76990414013275,2.8512311162939263,4.016517373471036,0.6022727272727273,0.28954545454545455,13.0,17.639999999999997,0.0,0.0
QSALB-Full,32,2,0.0,0.0,0.0,0.0,0.0,0.0,188.53023601706283,58.37842315191688,2.616455881709114,1.594186093517137,0.46411483253588515,0.01875598086124401,15.0,7.839999999999999,0.0,0.0
QSALB-Full,33,2,0.0,0.0,0.0,0.0,0.0,0.0,183.5326395340726,50.96060816368224,3.396217268151918,0.7862057514930434,0.46875,0.06124999999999999,15.0,1.9599999999999997,0.0,0.0
QSALB-Full,34,2,0.0,0.0,0.0,0.0,0.0,0.0,189.04352320801382,45.81375890220623,3.15637849062649,0.06520920264140817,0.4227941176470588,0.09367647058823528,16.5,0.9799999999999999,0.0,0.0
QSALB-Full,35,2,0.0,0.0,0.0,0.0,0.0,0.0,192.38099618904198,14.22193281272507,3.9652718854599796,0.4929507488045574,0.5504201680672269,0.04117647058823526,19.0,3.9199999999999995,0.0,0.0
QSALB-NoEnergy,0,2,0.0,0.0,0.0,0.0,0.0,0.0,239.65816431204814,10.768040697910987,4.886819818892912,1.505228615978932,0.4392857142857143,0.021000000000000033,24.0,7.839999999999999,0.0,0.0
QSALB-NoEnergy,1,2,0.0,0.0,0.0,0.0,0.0,0.0,190.10357201098665,53.56476684742574,3.211301287126039,3.574332993067459,0.45436507936507936,0.019444444444444483,18.5,18.619999999999997,0.0,0.0
QSALB-NoEnergy,2,2,0.0,0.0,0.0,0.0,0.0,0.0,194.15322640172735,72.637785893235,4.4811505233594655,0.02772920610931072,0.5326086956521738,0.06391304347826082,20.5,4.9,0.0,0.0
QSALB-NoEnergy,3,2,0.0,0.0,0.0,0.0,0.0,0.0,198.07172767902392,50.06274960244983,2.409260691106454,1.3329084749893443,0.46875,0.06124999999999999,14.0,3.9199999999999995,0.0,0.0
QSALB-NoEnergy,4,2,0.0,0.0,0.0,0.0,0.0,0.0,231.46806864802952,80.62760256784894,4.521185752195975,1.493282510726569,0.44683257918552033,0.04656108597285067,21.5,8.819999999999999,0.0,0.0
QSALB-NoEnergy,5,2,0.0,0.0,0.0,0.0,0.0,0.0,251.1711806852689,169.85356229590934,5.070958058668876,2.659747808448322,0.45416666666666666,0.15516666666666665,23.5,16.659999999999997,0.0,0.0
QSALB-NoEnergy,6,2,0.0,0.0,0.0,0.0,0.0,0.0,179.2882553038677,7.071287221496021,3.8929911332456357,2.9259367358262325,0.48846153846153845,0.17338461538461528,20.5,10.78,0.0,0.0
QSALB-NoEnergy,7,2,0.0,0.0,0.0,0.0,0.0,0.0,184.60991811186227,8.833163222962604,3.6485723004718524,1.9624669944761242,0.5,0.0,17.0,9.8,0.0,0.0
QSALB-NoEnergy,8,2,0.0,0.0,0.0,0.0,0.0,0.0,173.20573353287645,4.600181610891294,3.2817083890028,1.6703219721910154,0.4305555555555556,0.02722222222222218,15.0,5.879999999999998,0.0,0.0
QSALB-NoEnergy,9,2,0.0,0.0,0.0,0.0,0.0,0.0,234.25415096723623,69.03626236687225,4.39493047693194,0.4297987801336255,0.40909090909090906,0.08909090909090905,22.0,0.0,0.0,0.0
QSALB-NoEnergy,10,2,0.0,0.0,0.0,0.0,0.0,0.0,169.84373172297921,14.1029768584052,3.8033548749294637,2.1907700722645362,0.5227272727272727,0.044545454545454506,16.0,11.759999999999996,0.0,0.0
QSALB-NoEnergy,11,2,0.0,0.0,0.0,0.0,0.0,0.0,199.4481200376896,38.63999979116025,5.017134598636156,1.3540082961718496,0.5258620689655172,0.05068965517241378,23.5,10.78,0.0,0.0
QSALB-NoEnergy,12,2,0.0,0.0,0.0,0.0,0.0,0.0,155.76191914125076,29.065632555511804,2.979006472570529,0.9945174721144686,0.5166666666666666,0.032666666666666656,14.5,0.9799999999999999,0.0,0.0
QSALB-NoEnergy,13,2,0.0,0.0,0.0,0.0,0.0,0.0,198.09502976292362,112.37612175418512,3.7344321754857726,0.9270513299717164,0.5090579710144928,0.14557971014492757,17.5,10.78,0.0,0.0
QSALB-NoEnergy,14,2,0.0,0.0,0.0,0.0,0.0,0.0,181.30231213265319,46.83954213487779,3.7485391501066285,0.09675740543278333,0.4666666666666667,0.0,15.0,0.0,0.0,0.0
QSALB-NoEnergy,15,2,0.0,0.0,0.0,0.0,0.0,0.0,199.37728272467962,16.211892257255325,3.621092930556083,1.0991488598731247,0.4809523809523809,0.10266666666666668,18.0,5.879999999999998,0.0,0.0
QSALB-NoEnergy,16,2,0.0,0.0,0.0,0.0,0.0,0.0,204.65177962656605,59.67367458449026,4.079401299501936,0.4161693969898114,0.4772256728778468,0.002028985507246417,22.0,1.9599999999999997,0.0,0.0
QSALB-NoEnergy,17,2,0.0,0.0,0.0,0.0,0.0,0.0,240.5294914337028,149.95762786278644,4.994854281985484,0.4908605443042428,0.5164835164835164,0.10769230769230764,23.5,4.9,0.0,0.0
QSALB-NoEnergy,18,2,0.0,0.0,0.0,0.0,0.0,0.0,179.32866100927762,56.53773239845151,2.5236332880732,0.7756148275528043,0.48333333333333334,0.032666666666666656,14.5,0.9799999999999999,0.0,0.0
QSALB-NoEnergy,19,2,0.0,0.0,0.0,0.0,0.0,0.0,227.80337177730263,123.94942015224969,4.151015083806983,2.2467415638355894,0.4222222222222222,0.04355555555555551,21.0,11.759999999999996,0.0,0.0
QSALB-NoEnergy,20,2,0.0,0.0,0.0,0.0,0.0,0.0,173.43985022569757,26.359565688141952,3.199516337400606,0.08683541172567129,0.4807692307692308,0.037692307692307664,14.5,2.939999999999999,0.0,0.0
QSALB-NoEnergy,21,2,0.0,0.0,0.0,0.0,0.0,0.0,183.77005593327166,66.2237891113404,3.054830882891075,0.34651095636559215,0.4647058823529412,0.12682352941176467,16.0,1.9599999999999997,0.0,0.0
QSALB-NoEnergy,22,2,0.0,0.0,0.0,0.0,0.0,0.0,186.6069637173732,42.806908437173995,3.5559380357296178,0.17062443101390473,0.48684210526315785,0.025789473684210553,17.5,2.939999999999999,0.0,0.0
QSALB-NoEnergy,23,2,0.0,0.0,0.0,0.0,0.0,0.0,185.38243459064094,55.35899000098528,3.36659935957114,0.962561363111962,0.4852941176470588,0.02882352941176471,17.5,0.9799999999999999,0.0,0.0
QSALB-NoEnergy,24,2,0.0,0.0,0.0,0.0,0.0,0.0,168.34865762048247,162.4872821406004,3.0636402228190236,3.704722282245029,0.5083333333333333,0.17966666666666664,14.5,18.619999999999997,0.0,0.0
QSALB-NoEnergy,25,2,0.0,0.0,0.0,0.0,0.0,0.0,179.6767426324554,110.22220552247964,2.5940478898133894,2.9072808583743877,0.4545454545454546,0.08909090909090905,14.0,15.679999999999998,0.0,0.0
QSALB-NoEnergy,26,2,0.0,0.0,0.0,0.0,0.0,0.0,161.08322404867872,51.16480304113907,3.0627469628345123,0.19751256133585612,0.5192307692307692,0.037692307692307664,14.5,2.939999999999999,0.0,0.0
QSALB-NoEnergy,27,2,0.0,0.0,0.0,0.0,0.0,0.0,184.2380978232485,55.65272876433272,3.6677746652383627,0.7595766157098496,0.519047619047619,0.10266666666666663,14.5,0.9799999999999999,0.0,0.0
QSALB-NoEnergy,28,2,0.0,0.0,0.0,0.0,0.0,0.0,205.86009235815453,58.96041327143274,3.5894788501961816,0.1942417966509734,0.4,0.0,17.5,4.9,0.0,0.0
QSALB-NoEnergy,29,2,0.0,0.0,0.0,0.0,0.0,0.0,207.8715382503214,83.0511032310973,3.838787187677376,1.8439960901861339,0.4642857142857143,0.07000000000000002,16.5,8.819999999999999,0.0,0.0
QSALB-NoEnergy,30,2,0.0,0.0,0.0,0.0,0.0,0.0,195.8948556763186,73.02357826802942,3.9879132482221937,0.3840019804704122,0.4666666666666667,0.13066666666666663,17.5,4.9,0.0,0.0
QSALB-NoEnergy,31,2,0.0,0.0,0.0,0.0,0.0,0.0,169.7386059871904,139.76990414013275,2.8512311162939263,4.016517373471036,0.6022727272727273,0.28954545454545455,13.0,17.639999999999997,0.0,0.0
QSALB-NoEnergy,32,2,0.0,0.0,0.0,0.0,0.0,0.0,188.53023601706283,58.37842315191688,2.616455881709114,1.594186093517137,0.46411483253588515,0.01875598086124401,15.0,7.839999999999999,0.0,0.0
QSALB-NoEnergy,33,2,0.0,0.0,0.0,0.0,0.0,0.0,183.5326395340726,50.96060816368224,3.396217268151918,0.7862057514930434,0.46875,0.06124999999999999,15.0,1.9599999999999997,0.0,0.0
QSALB-NoEnergy,34,2,0.0,0.0,0.0,0.0,0.0,0.0,189.97650071835216,47.64239482246933,3.1602717332060886,0.05757844718539543,0.4227941176470588,0.09367647058823528,16.5,0.9799999999999999,0.0,0.0
QSALB-NoEnergy,35,2,0.0,0.0,0.0,0.0,0.0,0.0,192.38099618904198,14.22193281272507,3.9652718854599796,0.4929507488045574,0.5504201680672269,0.04117647058823526,19.0,3.9199999999999995,0.0,0.0
QSALB-NoPred,0,2,0.0,0.0,0.0,0.0,0.0,0.0,239.65816431204814,10.768040697910987,4.886819818892912,1.505228615978932,0.4392857142857143,0.021000000000000033,24.0,7.839999999999999,0.0,0.0
QSALB-NoPred,1,2,0.0,0.0,0.0,0.0,0.0,0.0,190.10357201098665,53.56476684742574,3.211301287126039,3.574332993067459,0.45436507936507936,0.019444444444444483,18.5,18.619999999999997,0.0,0.0
QSALB-NoPred,2,2,0.0,0.0,0.0,0.0,0.0,0.0,194.15322640172735,72.637785893235,4.4811505233594655,0.02772920610931072,0.5326086956521738,0.06391304347826082,20.5,4.9,0.0,0.0
QSALB-NoPred,3,2,0.0,0.0,0.0,0.0,0.0,0.0,198.07172767902392,50.06274960244983,2.409260691106454,1.3329084749893443,0.46875,0.06124999999999999,14.0,3.9199999999999995,0.0,0.0
QSALB-NoPred,4,2,0.0,0.0,0.0,0.0,0.0,0.0,231.46806864802952,80.62760256784894,4.521185752195975,1.493282510726569,0.44683257918552033,0.04656108597285067,21.5,8.819999999999999,0.0,0.0
QSALB-NoPred,5,2,0.0,0.0,0.0,0.0,0.0,0.0,251.1711806852689,169.85356229590934,5.070958058668876,2.659747808448322,0.45416666666666666,0.15516666666666665,23.5,16.659999999999997,0.0,0.0
QSALB-NoPred,6,2,0.0,0.0,0.0,0.0,0.0,0.0,179.2882553038677,7.071287221496021,3.8929911332456357,2.9259367358262325,0.48846153846153845,0.17338461538461528,20.5,10.78,0.0,0.0
QSALB-NoPred,7,2,0.0,0.0,0.0,0.0,0.0,0.0,184.60991811186227,8.833163222962604,3.6485723004718524,1.9624669944761242,0.5,0.0,17.0,9.8,0.0,0.0
QSALB-NoPred,8,2,0.0,0.0,0.0,0.0,0.0,0.0,173.20573353287645,4.600181610891294,3.2817083890028,1.6703219721910154,0.4305555555555556,0.02722222222222218,15.0,5.879999999999998,0.0,0.0
QSALB-NoPred,9,2,0.0,0.0,0.0,0.0,0.0,0.0,234.25415096723623,69.03626236687225,4.39493047693194,0.4297987801336255,0.40909090909090906,0.08909090909090905,22.0,0.0,0.0,0.0
QSALB-NoPred,10,2,0.0,0.0,0.0,0.0,0.0,0.0,169.84373172297921,14.1029768584052,3.8033548749294637,2.1907700722645362,0.5227272727272727,0.044545454545454506,16.0,11.759999999999996,0.0,0.0
QSALB-NoPred,11,2,0.0,0.0,0.0,0.0,0.0,0.0,199.4481200376896,38.63999979116025,5.017134598636156,1.3540082961718496,0.5258620689655172,0.05068965517241378,23.5,10.78,0.0,0.0
QSALB-NoPred,12,2,0.0,0.0,0.0,0.0,0.0,0.0,155.76191914125076,29.065632555511804,2.979006472570529,0.9945174721144686,0.5166666666666666,0.032666666666666656,14.5,0.9799999999999999,0.0,0.0
QSALB-NoPred,13,2,0.0,0.0,0.0,0.0,0.0,0.0,198.09502976292362,112.37612175418512,3.7344321754857726,0.9270513299717164,0.5090579710144928,0.14557971014492757,17.5,10.78,0.0,0.0
QSALB-NoPred,14,2,0.0,0.0,0.0,0.0,0.0,0.0,181.30231213265319,46.83954213487779,3.7485391501066285,0.09675740543278333,0.4666666666666667,0.0,15.0,0.0,0.0,0.0
QSALB-NoPred,15,2,0.0,0.0,0.0,0.0,0.0,0.0,199.37728272467962,16.211892257255325,3.621092930556083,1.0991488598731247,0.4809523809523809,0.10266666666666668,18.0,5.879999999999998,0.0,0.0
QSALB-NoPred,16,2,0.0,0.0,0.0,0.0,0.0,0.0,204.65177962656605,59.67367458449026,4.079401299501936,0.4161693969898114,0.4772256728778468,0.002028985507246417,22.0,1.9599999999999997,0.0,0.0
QSALB-NoPred,17,2,0.0,0.0,0.0,0.0,0.0,0.0,240.5294914337028,149.95762786278644,4.994854281985484,0.4908605443042428,0.5164835164835164,0.10769230769230764,23.5,4.9,0.0,0.0
QSALB-NoPred,18,2,0.0,0.0,0.0,0.0,0.0,0.0,179.32866100927762,56.53773239845151,2.5236332880732,0.7756148275528043,0.48333333333333334,0.032666666666666656,14.5,0.9799999999999999,0.0,0.0
QSALB-NoPred,19,2,0.0,0.0,0.0,0.0,0.0,0.0,227.80337177730263,123.94942015224969,4.151015083806983,2.2467415638355894,0.4222222222222222,0.04355555555555551,21.0,11.759999999999996,0.0,0.0
QSALB-NoPred,20,2,0.0,0.0,0.0,0.0,0.0,0.0,173.43985022569757,26.359565688141952,3.199516337400606,0.08683541172567129,0.4807692307692308,0.037692307692307664,14.5,2.939999999999999,0.0,0.0
QSALB-NoPred,21,2,0.0,0.0,0.0,0.0,0.0,0.0,183.77005593327166,66.2237891113404,3.054830882891075,0.34651095636559215,0.4647058823529412,0.12682352941176467,16.0,1.9599999999999997,0.0,0.0
QSALB-NoPred,22,2,0.0,0.0,0.0,0.0,0.0,0.0,186.6069637173732,42.806908437173995,3.5559380357296178,0.17062443101390473,0.48684210526315785,0.025789473684210553,17.5,2.939999999999999,0.0,0.0
QSALB-NoPred,23,2,0.0,0.0,0.0,0.0,0.0,0.0,185.38243459064094,55.35899000098528,3.36659935957114,0.962561363111962,0.4852941176470588,0.02882352941176471,17.5,0.9799999999999999,0.0,0.0
QSALB-NoPred,24,2,0.0,0.0,0.0,0.0,0.0,0.0,166.7721651015146,159.39735680342332,3.09763480501685,3.771351663352768,0.5083333333333333,0.17966666666666664,14.5,18.619999999999997,0.0,0.0
QSALB-NoPred,25,2,0.0,0.0,0.0,0.0,0.0,0.0,179.6767426324554,110.22220552247964,2.5940478898133894,2.9072808583743877,0.4545454545454546,0.08909090909090905,14.0,15.679999999999998,0.0,0.0
QSALB-NoPred,26,2,0.0,0.0,0.0,0.0,0.0,0.0,161.08322404867872,51.16480304113907,3.0627469628345123,0.19751256133585612,0.5192307692307692,0.037692307692307664,14.5,2.939999999999999,0.0,0.0
QSALB-NoPred,27,2,0.0,0.0,0.0,0.0,0.0,0.0,184.2380978232485,55.65272876433272,3.6677746652383627,0.7595766157098496,0.519047619047619,0.10266666666666663,14.5,0.9799999999999999,0.0,0.0
QSALB-NoPred,28,2,0.0,0.0,0.0,0.0,0.0,0.0,205.86009235815453,58.96041327143274,3.5894788501961816,0.1942417966509734,0.4,0.0,17.5,4.9,0.0,0.0
QSALB-NoPred,29,2,0.0,0.0,0.0,0.0,0.0,0.0,207.8715382503214,83.0511032310973,3.838787187677376,1.8439960901861339,0.4642857142857143,0.07000000000000002,16.5,8.819999999999999,0.0,0.0
QSALB-NoPred,30,2,0.0,0.0,0.0,0.0,0.0,0.0,195.8948556763186,73.02357826802942,3.9879132482221937,0.3840019804704122,0.4666666666666667,0.13066666666666663,17.5,4.9,0.0,0.0
QSALB-NoPred,31,2,0.0,0.0,0.0,0.0,0.0,0.0,169.7386059871904,139.76990414013275,2.8512311162939263,4.016517373471036,0.6022727272727273,0.28954545454545455,13.0,17.639999999999997,0.0,0.0
QSALB-NoPred,32,2,0.0,0.0,0.0,0.0,0.0,0.0,188.53023601706283,58.37842315191688,2.616455881709114,1.594186093517137,0.46411483253588515,0.01875598086124401,15.0,7.839999999999999,0.0,0.0
QSALB-NoPred,33,2,0.0,0.0,0.0,0.0,0.0,0.0,183.5326395340726,50.96060816368224,3.396217268151918,0.7862057514930434,0.46875,0.06124999999999999,15.0,1.9599999999999997,0.0,0.0
QSALB-NoPred,34,2,0.0,0.0,0.0,0.0,0.0,0.0,189.04352320801382,45.81375890220623,3.15637849062649,0.06520920264140817,0.4227941176470588,0.09367647058823528,16.5,0.9799999999999999,0.0,0.0
QSALB-NoPred,35,2,0.0,0.0,0.0,0.0,0.0,0.0,192.38099618904198,14.22193281272507,3.9652718854599796,0.4929507488045574,0.5504201680672269,0.04117647058823526,19.0,3.9199999999999995,0.0,0.0
QSALB-NoQueue,0,2,0.0,0.0,0.0,0.0,0.0,0.0,176.05352416522072,72.24381472137338,5.3135813721033145,2.466537953847744,0.6857142857142857,0.2659999999999999,24.0,7.839999999999999,0.0,0.0
QSALB-NoQueue,1,2,0.0,0.0,0.0,0.0,0.0,0.0,147.7898816026576,7.117300812017525,3.763224961299736,4.352794615568252,0.6527777777777778,0.19055555555555553,18.5,18.619999999999997,0.0,0.0
QSALB-NoQueue,2,2,0.0,0.0,0.0,0.0,0.0,0.0,168.6425518627954,83.8317245422619,4.764853123767676,0.29317949464044885,0.6968599033816425,0.1680676328502415,20.5,4.9,0.0,0.0
QSALB-NoQueue,3,2,0.0,0.0,0.0,0.0,0.0,0.0,140.91652221444022,83.58628024556431,2.60350863772614,1.2547948253599952,0.6145833333333333,0.10208333333333329,14.0,3.9199999999999995,0.0,0.0
QSALB-NoQueue,4,2,0.0,0.0,0.0,0.0,0.0,0.0,182.9929684688969,105.65196077763515,5.032353684050403,1.296950996650257,0.670814479638009,0.18402714932126696,21.5,8.819999999999999,0.0,0.0
QSALB-NoQueue,5,2,0.0,0.0,0.0,0.0,0.0,0.0,191.24528389372625,160.7143489060264,5.056999027568068,2.366036572642224,0.6479166666666667,0.1674166666666666,23.5,16.659999999999997,0.0,0.0
QSALB-NoQueue,6,2,0.0,0.0,0.0,0.0,0.0,0.0,153.1852237735207,32.241007881578405,4.112524902560338,3.4413163881136786,0.6371794871794871,0.33420512820512815,20.5,10.78,0.0,0.0
QSALB-NoQueue,7,2,0.0,0.0,0.0,0.0,0.0,0.0,145.0519746241181,20.528640303002014,4.024507266925874,2.0452093580923028,0.6553030303030303,0.14106060606060603,17.0,9.8,0.0,0.0
QSALB-NoQueue,8,2,0.0,0.0,0.0,0.0,0.0,0.0,141.27037647338074,18.729419401215953,3.6547264847853986,2.0541634407429945,0.6805555555555556,0.19055555555555553,15.0,5.879999999999998,0.0,0.0
QSALB-NoQueue,9,2,0.0,0.0,0.0,0.0,0.0,0.0,178.95271789293474,78.35285841240393,4.7517270127758335,0.012358461326168921,0.6590909090909092,0.13363636363636364,22.0,0.0,0.0,0.0
QSALB-NoQueue,10,2,0.0,0.0,0.0,0.0,0.0,0.0,149.39545408187155,51.52739250359489,3.91447664354126,2.4883863403662287,0.6590909090909092,0.3118181818181819,16.0,11.759999999999996,0.0,0.0
QSALB-NoQueue,11,2,0.0,0.0,0.0,0.0,0.0,0.0,169.91779618908006,50.19362868150214,5.32735834520466,1.8292066652737267,0.6848659003831418,0.14455938697317997,23.5,10.78,0.0,0.0
QSALB-NoQueue,12,2,0.0,0.0,0.0,0.0,0.0,0.0,139.79644786597882,40.13368521821104,3.238562113527113,0.9013115741881167,0.6547619047619048,0.023333333333333248,14.5,0.9799999999999999,0.0,0.0
QSALB-NoQueue,13,2,0.0,0.0,0.0,0.0,0.0,0.0,168.2633995658915,100.3957470374482,3.8133017188190514,0.9210891150460573,0.6793478260869565,0.13847826086956516,17.5,10.78,0.0,0.0
QSALB-NoQueue,14,2,0.0,0.0,0.0,0.0,0.0,0.0,149.56053882338648,52.98284194663731,4.055887585268835,0.47220857632790986,0.6333333333333333,0.19599999999999995,15.0,0.0,0.0,0.0
QSALB-NoQueue,15,2,0.0,0.0,0.0,0.0,0.0,0.0,161.30490311034356,48.4248520994369,3.8288832952170724,1.4352972380813402,0.680952380952381,0.15866666666666662,18.0,5.879999999999998,0.0,0.0
QSALB-NoQueue,16,2,0.0,0.0,0.0,0.0,0.0,0.0,178.90864907271822,89.59583707995998,4.15209269711425,0.4642575356837959,0.6832298136645962,0.0608695652173913,22.0,1.9599999999999997,0.0,0.0
QSALB-NoQueue,17,2,0.0,0.0,0.0,0.0,0.0,0.0,194.46149216073965,111.52689600165753,5.403495651054854,0.5199408043182883,0.7124542124542125,0.19025641025641024,23.5,4.9,0.0,0.0
QSALB-NoQueue,18,2,0.0,0.0,0.0,0.0,0.0,0.0,147.36785514234484,70.66922774280529,2.8978966902385555,1.052661864292701,0.6904761904761905,0.04666666666666672,14.5,0.9799999999999999,0.0,0.0
QSALB-NoQueue,19,2,0.0,0.0,0.0,0.0,0.0,0.0,179.4701323625121,130.9375204569371,4.443039684718992,2.515421768064852,0.6481481481481481,0.036296296296296236,21.0,11.759999999999996,0.0,0.0
QSALB-NoQueue,20,2,0.0,0.0,0.0,0.0,0.0,0.0,147.5505554328647,45.814245453416774,3.4693735373302097,0.11843897089247576,0.7139423076923077,0.19317307692307686,14.5,2.939999999999999,0.0,0.0
QSALB-NoQueue,21,2,0.0,0.0,0.0,0.0,0.0,0.0,147.37621768502666,53.862378511199836,3.310057138024322,0.2905839602863902,0.6490196078431372,0.2267450980392156,16.0,1.9599999999999997,0.0,0.0
QSALB-NoQueue,22,2,0.0,0.0,0.0,0.0,0.0,0.0,156.78081268203113,66.58155268608347,3.8502542839942246,0.6312231251755009,0.680921052631579,0.10960526315789468,17.5,2.939999999999999,0.0,0.0
QSALB-NoQueue,23,2,0.0,0.0,0.0,0.0,0.0,0.0,156.36161466651177,73.01263315325195,3.5259059277615536,0.9336223497035758,0.6552287581699346,0.1313071895424836,17.5,0.9799999999999999,0.0,0.0
QSALB-NoQueue,24,2,0.0,0.0,0.0,0.0,0.0,0.0,158.7949440072963,143.76200345875546,3.2027755337376678,3.9774274916455714,0.5916666666666667,0.016333333333333273,14.5,18.619999999999997,0.0,0.0
QSALB-NoQueue,25,2,0.0,0.0,0.0,0.0,0.0,0.0,165.69388958439347,110.2504268826837,2.6045198699331698,2.9827493082905825,0.5227272727272727,0.044545454545454506,14.0,15.679999999999998,0.0,0.0
QSALB-NoQueue,26,2,0.0,0.0,0.0,0.0,0.0,0.0,149.50505786833241,60.82948238026215,3.2027488539292577,0.0883054114564037,0.6274038461538461,0.12721153846153843,14.5,2.939999999999999,0.0,0.0
QSALB-NoQueue,27,2,0.0,0.0,0.0,0.0,0.0,0.0,156.48863844413356,66.75738423620024,3.8366217380309795,0.6741864712312747,0.6238095238095238,0.17733333333333332,14.5,0.9799999999999999,0.0,0.0
QSALB-NoQueue,28,2,0.0,0.0,0.0,0.0,0.0,0.0,162.87779578229078,81.94966611726777,3.914929262749399,0.18593816135664856,0.6416666666666666,0.17966666666666656,17.5,4.9,0.0,0.0
QSALB-NoQueue,29,2,0.0,0.0,0.0,0.0,0.0,0.0,171.99582038117947,86.12231070062786,4.108581149885305,1.6917224386139975,0.7023809523809523,0.2566666666666667,16.5,8.819999999999999,0.0,0.0
QSALB-NoQueue,30,2,0.0,0.0,0.0,0.0,0.0,0.0,163.04626186315312,82.8316854976501,4.129269083898458,0.3915743466224562,0.6666666666666666,0.13066666666666663,17.5,4.9,0.0,0.0
QSALB-NoQueue,31,2,0.0,0.0,0.0,0.0,0.0,0.0,158.13171092455568,117.0203898173687,2.977114496714641,4.263248799095636,0.6931818181818181,0.11136363636363636,13.0,17.639999999999997,0.0,0.0
QSALB-NoQueue,32,2,0.0,0.0,0.0,0.0,0.0,0.0,158.08800116464766,93.75610968867498,2.675529070809901,1.4817606809474457,0.6794258373205742,0.09377990430622013,15.0,7.839999999999999,0.0,0.0
QSALB-NoQueue,33,2,0.0,0.0,0.0,0.0,0.0,0.0,156.04822791917215,59.07226221100248,3.7134639848484614,0.8589228685988666,0.6696428571428572,0.0875,15.0,1.9599999999999997,0.0,0.0
QSALB-NoQueue,34,2,0.0,0.0,0.0,0.0,0.0,0.0,158.0448652584254,74.31236092799661,3.423521997370392,0.19636129269282918,0.6341911764705883,0.14051470588235296,16.5,0.9799999999999999,0.0,0.0
QSALB-NoQueue,35,2,0.0,0.0,0.0,0.0,0.0,0.0,159.4474373341484,63.18326593607107,4.148312833016119,0.5867219794968845,0.7282913165266107,0.15921568627450977,19.0,3.9199999999999995,0.0,0.0
